btn_idx,btn_dt,HA_ref,T,RH_ref,dew_ref,HA_pred,HA_pred_std,pred_points,pred_dt_first,pred_dt_last,time_err_center_s,residual
140,2026-05-26 14:33:28,12.16618381384361,29.1,42.1,14.94,10.684452222222223,0.2713645392630447,9,2026-05-26 14:33:28.000,2026-05-26 14:33:28.490,-0.245,1.4817315916213865
141,2026-05-26 14:33:29,12.16618381384361,29.1,42.1,14.94,10.67663375,0.21000435264933598,16,2026-05-26 14:33:28.550,2026-05-26 14:33:29.450,0.0,1.489550063843609
142,2026-05-26 14:33:30,12.137285514998375,29.1,42.0,14.9,10.723881764705883,0.18411290609417147,17,2026-05-26 14:33:29.510,2026-05-26 14:33:30.490,0.0,1.4134037502924919
143,2026-05-26 14:33:31,12.079488917307906,29.1,41.8,14.83,10.784195625,0.22802791890376775,16,2026-05-26 14:33:30.550,2026-05-26 14:33:31.450,0.0,1.295293292307905
144,2026-05-26 14:33:32,11.934997423081736,29.1,41.3,14.64,10.817392352941177,0.14351558950726429,17,2026-05-26 14:33:31.510,2026-05-26 14:33:32.470,0.01,1.1176050701405593
145,2026-05-26 14:33:33,12.252878710379314,29.1,42.4,15.05,10.863832352941175,0.17648029612145832,17,2026-05-26 14:33:32.530,2026-05-26 14:33:33.490,-0.01,1.3890463574381382
146,2026-05-26 14:33:34,12.137285514998375,29.1,42.0,14.9,10.9089825,0.23205549498629252,16,2026-05-26 14:33:33.550,2026-05-26 14:33:34.450,0.0,1.2283030149983745
147,2026-05-26 14:33:35,12.137285514998375,29.1,42.0,14.9,10.85595705882353,0.1734764164362377,17,2026-05-26 14:33:34.510,2026-05-26 14:33:35.470,0.01,1.2813284561748457
148,2026-05-26 14:33:36,12.223980411534075,29.1,42.3,15.01,10.818996875,0.1910136597809607,16,2026-05-26 14:33:35.530,2026-05-26 14:33:36.450,0.01,1.4049835365340755
149,2026-05-26 14:33:37,12.021692319617438,29.1,41.6,14.75,10.868888235294117,0.20818172428899984,17,2026-05-26 14:33:36.510,2026-05-26 14:33:37.470,0.01,1.1528040843233214
150,2026-05-26 14:33:38,11.992794020772203,29.1,41.5,14.72,10.738626470588235,0.1855119090833922,17,2026-05-26 14:33:37.530,2026-05-26 14:33:38.490,-0.01,1.2541675501839684
151,2026-05-26 14:33:39,12.16618381384361,29.1,42.1,14.94,10.876698125,0.2462634700808261,16,2026-05-26 14:33:38.550,2026-05-26 14:33:39.450,0.0,1.2894856888436088
152,2026-05-26 14:33:40,12.137285514998375,29.1,42.0,14.9,10.763238235294118,0.2580337059435088,17,2026-05-26 14:33:39.510,2026-05-26 14:33:40.490,0.0,1.374047279704257
153,2026-05-26 14:33:41,12.252878710379314,29.1,42.4,15.05,10.895563749999999,0.21236604065857673,16,2026-05-26 14:33:40.550,2026-05-26 14:33:41.470,-0.01,1.3573149603793144
154,2026-05-26 14:33:42,12.137285514998375,29.1,42.0,14.9,10.871722352941177,0.22083549065224498,17,2026-05-26 14:33:41.530,2026-05-26 14:33:42.490,-0.01,1.265563162057198
155,2026-05-26 14:33:43,12.079488917307906,29.1,41.8,14.83,10.866085,0.21418284540706506,16,2026-05-26 14:33:42.550,2026-05-26 14:33:43.470,-0.01,1.2134039173079056
156,2026-05-26 14:33:44,12.16618381384361,29.1,42.1,14.94,10.880532352941177,0.17811535207308068,17,2026-05-26 14:33:43.540,2026-05-26 14:33:44.490,-0.015,1.2856514609024323
157,2026-05-26 14:33:45,12.079488917307906,29.1,41.8,14.83,10.797501333333335,0.24722995079383867,15,2026-05-26 14:33:44.550,2026-05-26 14:33:45.500,-0.025,1.281987583974571
158,2026-05-26 14:33:46,12.16618381384361,29.1,42.1,14.94,10.862625333333334,0.21589986772531716,15,2026-05-26 14:33:45.550,2026-05-26 14:33:46.450,0.0,1.3035584805102758
159,2026-05-26 14:33:47,12.16618381384361,29.1,42.1,14.94,10.884008235294118,0.18109082694311493,17,2026-05-26 14:33:46.520,2026-05-26 14:33:47.470,0.005,1.2821755785494915
160,2026-05-26 14:33:48,12.223980411534075,29.1,42.3,15.01,10.712944375,0.19910376406851268,16,2026-05-26 14:33:47.530,2026-05-26 14:33:48.470,0.0,1.511036036534076
161,2026-05-26 14:33:49,12.223980411534075,29.1,42.3,15.01,10.839633125,0.20001580866583957,16,2026-05-26 14:33:48.530,2026-05-26 14:33:49.450,0.01,1.3843472865340747
162,2026-05-26 14:33:50,12.252878710379314,29.1,42.4,15.05,10.744664117647059,0.16096730137899212,17,2026-05-26 14:33:49.510,2026-05-26 14:33:50.470,0.01,1.508214592732255
163,2026-05-26 14:33:51,12.223980411534075,29.1,42.3,15.01,10.728848823529413,0.14114522046824432,17,2026-05-26 14:33:50.530,2026-05-26 14:33:51.490,-0.01,1.4951315880046625
164,2026-05-26 14:33:52,12.079488917307906,29.1,41.8,14.83,10.818974666666666,0.1712840056692256,15,2026-05-26 14:33:51.560,2026-05-26 14:33:52.490,-0.025,1.26051425064124
165,2026-05-26 14:33:53,12.137285514998375,29.1,42.0,14.9,10.813835,0.17224556261338045,16,2026-05-26 14:33:52.550,2026-05-26 14:33:53.470,-0.01,1.3234505149983757
166,2026-05-26 14:33:54,12.223980411534075,29.1,42.3,15.01,10.89062625,0.21974125696297167,16,2026-05-26 14:33:53.530,2026-05-26 14:33:54.450,0.01,1.333354161534075
167,2026-05-26 14:33:55,12.137285514998375,29.1,42.0,14.9,10.81514875,0.18482190367576373,16,2026-05-26 14:33:54.510,2026-05-26 14:33:55.450,0.02,1.3221367649983744
168,2026-05-26 14:33:56,12.252878710379314,29.1,42.4,15.05,10.817293750000001,0.15927389950961837,16,2026-05-26 14:33:55.510,2026-05-26 14:33:56.450,0.02,1.4355849603793125
169,2026-05-26 14:33:57,12.021692319617438,29.1,41.6,14.75,10.628595294117646,0.2639283901960352,17,2026-05-26 14:33:56.510,2026-05-26 14:33:57.490,0.0,1.3930970254997916
170,2026-05-26 14:33:58,12.252878710379314,29.1,42.4,15.05,10.809578125,0.14392630453204144,16,2026-05-26 14:33:57.550,2026-05-26 14:33:58.450,0.0,1.4433005853793137
171,2026-05-26 14:33:59,12.079488917307906,29.1,41.8,14.83,10.842837647058824,0.21549219030307737,17,2026-05-26 14:33:58.510,2026-05-26 14:33:59.470,0.01,1.236651270249082
172,2026-05-26 14:34:00,12.16618381384361,29.1,42.1,14.94,10.809725625,0.22052485652699122,16,2026-05-26 14:33:59.530,2026-05-26 14:34:00.470,0.0,1.3564581888436091
173,2026-05-26 14:34:01,12.223980411534075,29.1,42.3,15.01,10.762730625,0.2152074172349007,16,2026-05-26 14:34:00.530,2026-05-26 14:34:01.450,0.01,1.4612497865340757
174,2026-05-26 14:34:02,12.252878710379314,29.1,42.4,15.05,10.869537647058824,0.16448193614837378,17,2026-05-26 14:34:01.510,2026-05-26 14:34:02.470,0.01,1.38334106332049
175,2026-05-26 14:34:03,12.137285514998375,29.1,42.0,14.9,10.790346,0.3158248999457045,15,2026-05-26 14:34:02.530,2026-05-26 14:34:03.460,0.005,1.3469395149983754
176,2026-05-26 14:34:04,12.223980411534075,29.1,42.3,15.01,10.8667265,0.22836094767702156,20,2026-05-26 14:34:03.510,2026-05-26 14:34:04.480,0.005,1.357253911534075
177,2026-05-26 14:34:05,12.252878710379314,29.1,42.4,15.05,10.846967058823529,0.2647879767324391,17,2026-05-26 14:34:04.550,2026-05-26 14:34:05.470,-0.01,1.405911651555785
178,2026-05-26 14:34:06,12.223980411534075,29.1,42.3,15.01,10.6215295,0.24862742255653403,20,2026-05-26 14:34:05.530,2026-05-26 14:34:06.450,0.01,1.602450911534076
179,2026-05-26 14:34:07,12.079488917307906,29.1,41.8,14.83,10.813377368421053,0.19178144528030142,19,2026-05-26 14:34:06.510,2026-05-26 14:34:07.490,0.0,1.2661115488868528
180,2026-05-26 14:34:08,12.16618381384361,29.1,42.1,14.94,10.813094444444443,0.19464770348812893,18,2026-05-26 14:34:07.550,2026-05-26 14:34:08.500,-0.025,1.3530893693991661
181,2026-05-26 14:34:09,12.137285514998375,29.1,42.0,14.9,10.716305,0.21392868608856289,20,2026-05-26 14:34:08.540,2026-05-26 14:34:09.470,-0.005,1.4209805149983747
182,2026-05-26 14:34:10,12.223980411534075,29.1,42.3,15.01,10.682907222222221,0.20289716102167038,18,2026-05-26 14:34:09.530,2026-05-26 14:34:10.470,0.0,1.541073189311854
183,2026-05-26 14:34:11,12.223980411534075,29.1,42.3,15.01,10.772885789473685,0.24892635323894916,19,2026-05-26 14:34:10.530,2026-05-26 14:34:11.500,-0.015,1.4510946220603902
184,2026-05-26 14:34:12,12.16618381384361,29.1,42.1,14.94,10.855995882352941,0.1892300110334911,17,2026-05-26 14:34:11.550,2026-05-26 14:34:12.470,-0.01,1.3101879314906686
185,2026-05-26 14:34:13,12.16618381384361,29.1,42.1,14.94,10.732671578947368,0.15213476658188282,19,2026-05-26 14:34:12.530,2026-05-26 14:34:13.470,0.0,1.4335122348962415
186,2026-05-26 14:34:14,12.137285514998375,29.1,42.0,14.9,10.813735263157895,0.2184267247682445,19,2026-05-26 14:34:13.530,2026-05-26 14:34:14.490,-0.01,1.32355025184048
187,2026-05-26 14:34:15,12.16618381384361,29.1,42.1,14.94,10.694586666666666,0.2073199764213122,21,2026-05-26 14:34:14.520,2026-05-26 14:34:15.460,0.01,1.4715971471769436
188,2026-05-26 14:34:16,12.021692319617438,29.1,41.6,14.75,10.90173,0.29691735843695094,18,2026-05-26 14:34:15.510,2026-05-26 14:34:16.460,0.015,1.1199623196174375
189,2026-05-26 14:34:17,12.137285514998375,29.1,42.0,14.9,10.759279047619048,0.23507849682403462,21,2026-05-26 14:34:16.510,2026-05-26 14:34:17.500,-0.005,1.3780064673793273
190,2026-05-26 14:34:18,12.310675308069781,29.1,42.6,15.12,10.7390445,0.15350575855733586,20,2026-05-26 14:34:17.550,2026-05-26 14:34:18.500,-0.025,1.5716308080697807
191,2026-05-26 14:34:19,12.252878710379314,29.1,42.4,15.05,10.82411375,0.2117153821171238,16,2026-05-26 14:34:18.660,2026-05-26 14:34:19.460,-0.06,1.428764960379313
192,2026-05-26 14:34:20,12.021692319617438,29.1,41.6,14.75,10.794658260869566,0.15618929493208986,23,2026-05-26 14:34:19.510,2026-05-26 14:34:20.500,-0.005,1.227034058747872
193,2026-05-26 14:34:21,12.137285514998375,29.1,42.0,14.9,10.697226666666667,0.13007549609105182,21,2026-05-26 14:34:20.550,2026-05-26 14:34:21.470,-0.01,1.4400588483317076
194,2026-05-26 14:34:22,12.137285514998375,29.1,42.0,14.9,10.79185380952381,0.16253590644765828,21,2026-05-26 14:34:21.510,2026-05-26 14:34:22.470,0.01,1.3454317054745655
195,2026-05-26 14:34:23,12.137285514998375,29.1,42.0,14.9,10.848626842105263,0.1826296919407212,19,2026-05-26 14:34:22.530,2026-05-26 14:34:23.470,0.0,1.2886586728931118
196,2026-05-26 14:34:24,12.16618381384361,29.1,42.1,14.94,10.739174545454546,0.19782155394932677,22,2026-05-26 14:34:23.530,2026-05-26 14:34:24.470,0.0,1.4270092683890638
197,2026-05-26 14:34:25,12.137285514998375,29.1,42.0,14.9,10.692979,0.14788862854046272,20,2026-05-26 14:34:24.530,2026-05-26 14:34:25.450,0.01,1.4443065149983756
198,2026-05-26 14:34:26,12.252878710379314,29.1,42.4,15.05,10.697029047619047,0.16987039259107964,21,2026-05-26 14:34:25.510,2026-05-26 14:34:26.450,0.02,1.5558496627602665
199,2026-05-26 14:34:27,12.16618381384361,29.1,42.1,14.94,10.73878619047619,0.13109851419738464,21,2026-05-26 14:34:26.510,2026-05-26 14:34:27.500,-0.005,1.427397623367419
200,2026-05-26 14:34:28,12.252878710379314,29.1,42.4,15.05,10.698405555555556,0.27237505038678306,18,2026-05-26 14:34:27.550,2026-05-26 14:34:28.470,-0.01,1.5544731548237571
201,2026-05-26 14:34:29,12.16618381384361,29.1,42.1,14.94,10.782128333333333,0.2219756771320571,18,2026-05-26 14:34:28.520,2026-05-26 14:34:29.450,0.015,1.384055480510277
202,2026-05-26 14:34:30,12.16618381384361,29.1,42.1,14.94,10.829798571428572,0.20371028114176548,21,2026-05-26 14:34:29.510,2026-05-26 14:34:30.470,0.01,1.3363852424150373
203,2026-05-26 14:34:31,12.16618381384361,29.1,42.1,14.94,10.77614588235294,0.12135430024616059,17,2026-05-26 14:34:30.530,2026-05-26 14:34:31.490,-0.01,1.390037931490669
204,2026-05-26 14:34:32,12.079488917307906,29.1,41.8,14.83,10.7341725,0.2663250281266603,16,2026-05-26 14:34:31.550,2026-05-26 14:34:32.450,0.0,1.345316417307906
205,2026-05-26 14:34:33,12.137285514998375,29.1,42.0,14.9,10.65105588235294,0.25949315824455815,17,2026-05-26 14:34:32.510,2026-05-26 14:34:33.450,0.02,1.4862296326454345
206,2026-05-26 14:34:34,12.16618381384361,29.1,42.1,14.94,10.714265294117647,0.11801149520902866,17,2026-05-26 14:34:33.510,2026-05-26 14:34:34.470,0.01,1.4519185197259628
207,2026-05-26 14:34:35,12.16618381384361,29.1,42.1,14.94,10.756355555555555,0.2509647027026199,18,2026-05-26 14:34:34.530,2026-05-26 14:34:35.500,-0.015,1.409828258288055
208,2026-05-26 14:34:36,11.992794020772203,29.1,41.5,14.72,10.592781904761905,0.2121519865242616,21,2026-05-26 14:34:35.550,2026-05-26 14:34:36.490,-0.02,1.4000121160102985
209,2026-05-26 14:34:37,12.16618381384361,29.1,42.1,14.94,10.713186111111112,0.1681248592438119,18,2026-05-26 14:34:36.530,2026-05-26 14:34:37.450,0.01,1.4529977027324978
210,2026-05-26 14:34:38,12.137285514998375,29.1,42.0,14.9,10.652180869565218,0.23421561850943007,23,2026-05-26 14:34:37.510,2026-05-26 14:34:38.490,0.0,1.4851046454331573
211,2026-05-26 14:34:39,12.079488917307906,29.1,41.8,14.83,10.693035714285715,0.22693943891645255,21,2026-05-26 14:34:38.550,2026-05-26 14:34:39.470,-0.01,1.3864532030221906
212,2026-05-26 14:34:40,12.16618381384361,29.1,42.1,14.94,10.671235833333334,0.17662497201246993,24,2026-05-26 14:34:39.530,2026-05-26 14:34:40.460,0.005,1.4949479805102754
213,2026-05-26 14:34:41,12.223980411534075,29.1,42.3,15.01,10.618894000000001,0.16336191665971841,20,2026-05-26 14:34:40.510,2026-05-26 14:34:41.490,0.0,1.6050864115340744
214,2026-05-26 14:34:42,12.079488917307906,29.1,41.8,14.83,10.623152857142857,0.19919677563010038,21,2026-05-26 14:34:41.550,2026-05-26 14:34:42.470,-0.01,1.4563360601650484
215,2026-05-26 14:34:43,12.16618381384361,29.1,42.1,14.94,10.61800476190476,0.16840569986253615,21,2026-05-26 14:34:42.510,2026-05-26 14:34:43.450,0.02,1.548179051938849
216,2026-05-26 14:34:44,12.310675308069781,29.1,42.6,15.12,10.671712727272727,0.13792492668742504,22,2026-05-26 14:34:43.510,2026-05-26 14:34:44.500,-0.005,1.6389625807970543
217,2026-05-26 14:34:45,12.079488917307906,29.1,41.8,14.83,10.611653333333333,0.1777542181590448,21,2026-05-26 14:34:44.550,2026-05-26 14:34:45.490,-0.02,1.4678355839745727
218,2026-05-26 14:34:46,12.252878710379314,29.1,42.4,15.05,10.57459761904762,0.1548757022875044,21,2026-05-26 14:34:45.550,2026-05-26 14:34:46.470,-0.01,1.6782810913316943
219,2026-05-26 14:34:47,12.079488917307906,29.1,41.8,14.83,10.524528636363636,0.21332415600711302,22,2026-05-26 14:34:46.510,2026-05-26 14:34:47.490,0.0,1.55496028094427
220,2026-05-26 14:34:48,12.223980411534075,29.1,42.3,15.01,10.6879835,0.2091520825487373,20,2026-05-26 14:34:47.550,2026-05-26 14:34:48.470,-0.01,1.5359969115340757
221,2026-05-26 14:34:49,12.16618381384361,29.1,42.1,14.94,10.639011428571429,0.17517907264527113,21,2026-05-26 14:34:48.530,2026-05-26 14:34:49.470,0.0,1.5271723852721806
222,2026-05-26 14:34:50,12.137285514998375,29.1,42.0,14.9,10.6668705,0.1764196167775777,20,2026-05-26 14:34:49.510,2026-05-26 14:34:50.470,0.01,1.470415014998375
223,2026-05-26 14:34:51,12.223980411534075,29.1,42.3,15.01,10.628276842105262,0.18551806282386127,19,2026-05-26 14:34:50.510,2026-05-26 14:34:51.450,0.02,1.5957035694288138
224,2026-05-26 14:34:52,12.079488917307906,29.1,41.8,14.83,10.722915882352941,0.2347266633251012,17,2026-05-26 14:34:51.510,2026-05-26 14:34:52.470,0.01,1.3565730349549643
225,2026-05-26 14:34:53,12.16618381384361,29.1,42.1,14.94,10.611431764705882,0.1655405509322144,17,2026-05-26 14:34:52.530,2026-05-26 14:34:53.490,-0.01,1.5547520491377274
226,2026-05-26 14:34:54,12.079488917307906,29.1,41.8,14.83,10.633645263157895,0.22806373235392896,19,2026-05-26 14:34:53.530,2026-05-26 14:34:54.470,0.0,1.4458436541500106
227,2026-05-26 14:34:55,12.099921881644216,29.0,42.1,14.85,10.65231052631579,0.2116002414269177,19,2026-05-26 14:34:54.510,2026-05-26 14:34:55.490,0.0,1.4476113553284264
228,2026-05-26 14:34:56,12.013699160397344,29.0,41.8,14.74,10.621069047619049,0.25585235060293515,21,2026-05-26 14:34:55.550,2026-05-26 14:34:56.490,-0.02,1.3926301127782956
229,2026-05-26 14:34:57,12.252878710379314,29.1,42.4,15.05,10.692618,0.14557860418272142,20,2026-05-26 14:34:56.530,2026-05-26 14:34:57.470,0.0,1.560260710379314
230,2026-05-26 14:34:58,12.157403695808796,29.0,42.3,14.92,10.605297619047619,0.16453382572908143,21,2026-05-26 14:34:57.530,2026-05-26 14:34:58.470,0.0,1.5521060767611772
231,2026-05-26 14:34:59,12.252878710379314,29.1,42.4,15.05,10.63347,0.20741884270989222,19,2026-05-26 14:34:58.510,2026-05-26 14:34:59.450,0.02,1.6194087103793127
232,2026-05-26 14:35:00,12.071180974561925,29.0,42.0,14.81,10.685969523809524,0.239004800108203,21,2026-05-26 14:34:59.510,2026-05-26 14:35:00.490,0.0,1.3852114507524007
233,2026-05-26 14:35:01,12.013699160397344,29.0,41.8,14.74,10.615504210526316,0.19584431399898014,19,2026-05-26 14:35:00.530,2026-05-26 14:35:01.490,-0.01,1.3981949498710282
234,2026-05-26 14:35:02,11.956217346232764,29.0,41.6,14.66,10.621325500000001,0.1825107966662165,20,2026-05-26 14:35:01.550,2026-05-26 14:35:02.490,-0.02,1.3348918462327628
235,2026-05-26 14:35:03,11.956217346232764,29.0,41.6,14.66,10.641561666666668,0.22656340816775336,18,2026-05-26 14:35:02.530,2026-05-26 14:35:03.470,0.0,1.314655679566096
236,2026-05-26 14:35:04,11.927476439150475,29.0,41.5,14.63,10.59077181818182,0.1720237374438654,22,2026-05-26 14:35:03.530,2026-05-26 14:35:04.470,0.0,1.3367046209686553
237,2026-05-26 14:35:05,12.157403695808796,29.0,42.3,14.92,10.708305909090909,0.14980373574905362,22,2026-05-26 14:35:04.510,2026-05-26 14:35:05.490,0.0,1.4490977867178874
238,2026-05-26 14:35:06,12.071180974561925,29.0,42.0,14.81,10.623473181818182,0.2601376517005009,22,2026-05-26 14:35:05.530,2026-05-26 14:35:06.490,-0.01,1.447707792743742
239,2026-05-26 14:35:07,12.071180974561925,29.0,42.0,14.81,10.650545714285714,0.16624463578026888,21,2026-05-26 14:35:06.530,2026-05-26 14:35:07.470,0.0,1.4206352602762102
240,2026-05-26 14:35:08,12.099921881644216,29.0,42.1,14.85,10.635986666666666,0.15430506211182254,21,2026-05-26 14:35:07.530,2026-05-26 14:35:08.490,-0.01,1.4639352149775497
241,2026-05-26 14:35:09,12.013699160397344,29.0,41.8,14.74,10.563930555555554,0.14084856575820623,18,2026-05-26 14:35:08.530,2026-05-26 14:35:09.450,0.01,1.4497686048417897
242,2026-05-26 14:35:10,12.013699160397344,29.0,41.8,14.74,10.579984285714286,0.19067026167106996,21,2026-05-26 14:35:09.510,2026-05-26 14:35:10.450,0.02,1.4337148746830586
243,2026-05-26 14:35:11,12.071180974561925,29.0,42.0,14.81,10.594665238095237,0.19765741429602476,21,2026-05-26 14:35:10.510,2026-05-26 14:35:11.450,0.02,1.4765157364666877
244,2026-05-26 14:35:12,12.071180974561925,29.0,42.0,14.81,10.612785454545454,0.17815334683322342,22,2026-05-26 14:35:11.510,2026-05-26 14:35:12.490,0.0,1.4583955200164702
245,2026-05-26 14:35:13,12.099921881644216,29.0,42.1,14.85,10.540234285714286,0.1926904918923456,21,2026-05-26 14:35:12.530,2026-05-26 14:35:13.490,-0.01,1.5596875959299297
246,2026-05-26 14:35:14,12.071180974561925,29.0,42.0,14.81,10.573069130434783,0.233598713510488,23,2026-05-26 14:35:13.530,2026-05-26 14:35:14.490,-0.01,1.4981118441271413
247,2026-05-26 14:35:15,11.956217346232764,29.0,41.6,14.66,10.5611485,0.1964781034344805,20,2026-05-26 14:35:14.530,2026-05-26 14:35:15.500,-0.015,1.395068846232764
248,2026-05-26 14:35:16,11.927476439150475,29.0,41.5,14.63,10.604970666666667,0.20760094131587692,15,2026-05-26 14:35:15.560,2026-05-26 14:35:16.470,-0.015,1.322505772483808
249,2026-05-26 14:35:17,11.956217346232764,29.0,41.6,14.66,10.644363125,0.2471451763834026,16,2026-05-26 14:35:16.540,2026-05-26 14:35:17.480,-0.01,1.311854221232764
250,2026-05-26 14:35:18,12.013699160397344,29.0,41.8,14.74,10.62835,0.23975706332313365,16,2026-05-26 14:35:17.540,2026-05-26 14:35:18.450,0.005,1.385349160397345
251,2026-05-26 14:35:19,12.186144602891087,29.0,42.4,14.96,10.650111875,0.2523200405627411,16,2026-05-26 14:35:18.520,2026-05-26 14:35:19.480,0.0,1.5360327278910866
252,2026-05-26 14:35:20,11.956217346232764,29.0,41.6,14.66,10.6051875,0.163840463520666,16,2026-05-26 14:35:19.530,2026-05-26 14:35:20.450,0.01,1.3510298462327643
253,2026-05-26 14:35:21,12.071180974561925,29.0,42.0,14.81,10.573463529411764,0.3484240815073842,17,2026-05-26 14:35:20.510,2026-05-26 14:35:21.470,0.01,1.49771744515016
254,2026-05-26 14:35:22,11.956217346232764,29.0,41.6,14.66,10.57530294117647,0.20071875300917666,17,2026-05-26 14:35:21.530,2026-05-26 14:35:22.490,-0.01,1.3809144050562931
255,2026-05-26 14:35:23,12.071180974561925,29.0,42.0,14.81,10.812281875,0.2328178072289933,16,2026-05-26 14:35:22.560,2026-05-26 14:35:23.500,-0.03,1.2588990995619245
256,2026-05-26 14:35:24,12.071180974561925,29.0,42.0,14.81,10.69805375,0.10545603215716641,16,2026-05-26 14:35:23.560,2026-05-26 14:35:24.460,-0.01,1.3731272245619248
257,2026-05-26 14:35:25,12.099921881644216,29.0,42.1,14.85,10.8366125,0.17049133790313242,16,2026-05-26 14:35:24.510,2026-05-26 14:35:25.460,0.015,1.2633093816442162
258,2026-05-26 14:35:26,11.956217346232764,29.0,41.6,14.66,10.849729411764706,0.24032763138241567,17,2026-05-26 14:35:25.520,2026-05-26 14:35:26.490,-0.005,1.106487934468058
259,2026-05-26 14:35:27,12.071180974561925,29.0,42.0,14.81,10.886496875,0.2520296998297028,16,2026-05-26 14:35:26.560,2026-05-26 14:35:27.460,-0.01,1.1846840995619239
260,2026-05-26 14:35:28,12.071180974561925,29.0,42.0,14.81,10.826534375,0.2529467652812541,16,2026-05-26 14:35:27.520,2026-05-26 14:35:28.470,0.005,1.244646599561925
261,2026-05-26 14:35:29,12.157403695808796,29.0,42.3,14.92,10.821744375,0.23231324456341973,16,2026-05-26 14:35:28.540,2026-05-26 14:35:29.460,0.0,1.3356593208087961
262,2026-05-26 14:35:30,11.956217346232764,29.0,41.6,14.66,10.838058235294119,0.2533252124057949,17,2026-05-26 14:35:29.520,2026-05-26 14:35:30.480,0.0,1.1181591109386453
263,2026-05-26 14:35:31,11.927476439150475,29.0,41.5,14.63,10.869365,0.23969656910352288,16,2026-05-26 14:35:30.540,2026-05-26 14:35:31.460,0.0,1.0581114391504745
264,2026-05-26 14:35:32,12.013699160397344,29.0,41.8,14.74,10.848492352941177,0.2513008419586324,17,2026-05-26 14:35:31.520,2026-05-26 14:35:32.490,-0.005,1.1652068074561672
265,2026-05-26 14:35:33,11.956217346232764,29.0,41.6,14.66,10.873965,0.17644183596868346,16,2026-05-26 14:35:32.560,2026-05-26 14:35:33.500,-0.03,1.0822523462327638
266,2026-05-26 14:35:34,12.071180974561925,29.0,42.0,14.81,10.860618125,0.19363233322351758,16,2026-05-26 14:35:33.550,2026-05-26 14:35:34.450,0.0,1.2105628495619243
267,2026-05-26 14:35:35,11.812512810821316,29.0,41.1,14.48,10.992906470588236,0.23579366541377786,17,2026-05-26 14:35:34.520,2026-05-26 14:35:35.490,-0.005,0.8196063402330793
268,2026-05-26 14:35:36,12.013699160397344,29.0,41.8,14.74,10.87826875,0.21455602556208966,16,2026-05-26 14:35:35.550,2026-05-26 14:35:36.490,-0.02,1.135430410397344
269,2026-05-26 14:35:37,11.956217346232764,29.0,41.6,14.66,10.880575625,0.1920818110413283,16,2026-05-26 14:35:36.550,2026-05-26 14:35:37.480,-0.015,1.0756417212327634
270,2026-05-26 14:35:38,11.956217346232764,29.0,41.6,14.66,10.861418235294119,0.21218292500915634,17,2026-05-26 14:35:37.540,2026-05-26 14:35:38.490,-0.015,1.094799110938645
271,2026-05-26 14:35:39,12.013699160397344,29.0,41.8,14.74,10.867435,0.20905397641119672,16,2026-05-26 14:35:38.560,2026-05-26 14:35:39.460,-0.01,1.1462641603973438
272,2026-05-26 14:35:40,12.099921881644216,29.0,42.1,14.85,10.836775,0.20599807458647176,16,2026-05-26 14:35:39.510,2026-05-26 14:35:40.450,0.02,1.2631468816442162
273,2026-05-26 14:35:41,11.956217346232764,29.0,41.6,14.66,10.929543529411765,0.2801087166383164,17,2026-05-26 14:35:40.520,2026-05-26 14:35:41.480,0.0,1.026673816820999
274,2026-05-26 14:35:42,11.956217346232764,29.0,41.6,14.66,10.799284375000001,0.18885929517213793,16,2026-05-26 14:35:41.530,2026-05-26 14:35:42.450,0.01,1.156932971232763
275,2026-05-26 14:35:43,11.927476439150475,29.0,41.5,14.63,10.850378125,0.3073905822504165,16,2026-05-26 14:35:42.510,2026-05-26 14:35:43.470,0.01,1.077098314150474
276,2026-05-26 14:35:44,12.071180974561925,29.0,42.0,14.81,10.80936625,0.18786254258100504,16,2026-05-26 14:35:43.530,2026-05-26 14:35:44.470,0.0,1.2618147245619245
277,2026-05-26 14:35:45,11.927476439150475,29.0,41.5,14.63,10.95609,0.22941814955810846,16,2026-05-26 14:35:44.540,2026-05-26 14:35:45.480,-0.01,0.971386439150475
278,2026-05-26 14:35:46,12.071180974561925,29.0,42.0,14.81,10.837196875,0.12794895980917517,16,2026-05-26 14:35:45.540,2026-05-26 14:35:46.450,0.005,1.2339840995619245
279,2026-05-26 14:35:47,11.927476439150475,29.0,41.5,14.63,11.058534117647058,0.23769952150926907,17,2026-05-26 14:35:46.520,2026-05-26 14:35:47.480,0.0,0.8689423215034164
280,2026-05-26 14:35:48,12.013699160397344,29.0,41.8,14.74,11.237975625,0.17431042462491078,16,2026-05-26 14:35:47.540,2026-05-26 14:35:48.480,-0.01,0.7757235353973435
281,2026-05-26 14:35:49,11.956217346232764,29.0,41.6,14.66,11.274044375,0.2275643007728796,16,2026-05-26 14:35:48.540,2026-05-26 14:35:49.460,0.0,0.6821729712327631
282,2026-05-26 14:35:50,12.071180974561925,29.0,42.0,14.81,11.415418235294117,0.1765452976658999,17,2026-05-26 14:35:49.520,2026-05-26 14:35:50.500,-0.01,0.6557627392678071
283,2026-05-26 14:35:51,11.927476439150475,29.0,41.5,14.63,11.5806225,0.17966453040783156,16,2026-05-26 14:35:50.550,2026-05-26 14:35:51.500,-0.025,0.34685393915047413
284,2026-05-26 14:35:52,12.099921881644216,29.0,42.1,14.85,11.845824285714286,0.29760629952788453,14,2026-05-26 14:35:51.560,2026-05-26 14:35:52.500,-0.03,0.2540975959299292
285,2026-05-26 14:35:53,12.071180974561925,29.0,42.0,14.81,11.9844225,0.23836911786834575,16,2026-05-26 14:35:52.560,2026-05-26 14:35:53.460,-0.01,0.08675847456192365
286,2026-05-26 14:35:54,12.013699160397344,29.0,41.8,14.74,12.269928823529412,0.260171381710267,17,2026-05-26 14:35:53.540,2026-05-26 14:35:54.490,-0.015,-0.25622966313206774
287,2026-05-26 14:35:55,12.071180974561925,29.0,42.0,14.81,12.41683375,0.21673414106919128,16,2026-05-26 14:35:54.560,2026-05-26 14:35:55.480,-0.02,-0.3456527754380758
288,2026-05-26 14:35:56,11.927476439150475,29.0,41.5,14.63,12.594297647058823,0.19156792628625927,17,2026-05-26 14:35:55.540,2026-05-26 14:35:56.490,-0.015,-0.6668212079083489
289,2026-05-26 14:35:57,12.071180974561925,29.0,42.0,14.81,12.60942875,0.2651948712393713,16,2026-05-26 14:35:56.560,2026-05-26 14:35:57.460,-0.01,-0.5382477754380748
290,2026-05-26 14:35:58,12.071180974561925,29.0,42.0,14.81,12.649564117647058,0.2667259614768221,17,2026-05-26 14:35:57.520,2026-05-26 14:35:58.470,0.005,-0.5783831430851336
291,2026-05-26 14:35:59,12.157403695808796,29.0,42.3,14.92,12.673896470588236,0.2885740713391704,17,2026-05-26 14:35:58.540,2026-05-26 14:35:59.500,-0.02,-0.5164927747794401
292,2026-05-26 14:36:00,12.071180974561925,29.0,42.0,14.81,12.61183125,0.14802763642306804,16,2026-05-26 14:35:59.560,2026-05-26 14:36:00.450,-0.005,-0.5406502754380753
293,2026-05-26 14:36:01,12.186144602891087,29.0,42.4,14.96,12.785129999999999,0.21154827223945824,17,2026-05-26 14:36:00.510,2026-05-26 14:36:01.480,0.005,-0.5989853971089119
294,2026-05-26 14:36:02,12.157403695808796,29.0,42.3,14.92,12.86669625,0.29498483791261726,16,2026-05-26 14:36:01.530,2026-05-26 14:36:02.460,0.005,-0.7092925541912045
295,2026-05-26 14:36:03,12.243626417055665,29.0,42.6,15.03,12.738231176470588,0.2366349725812507,17,2026-05-26 14:36:02.520,2026-05-26 14:36:03.500,-0.01,-0.49460475941492277
296,2026-05-26 14:36:04,12.301108231220248,29.0,42.8,15.1,12.701584375,0.3462810746771807,16,2026-05-26 14:36:03.570,2026-05-26 14:36:04.480,-0.025,-0.40047614377975194
297,2026-05-26 14:36:05,12.387330952467119,29.0,43.1,15.21,12.5605425,0.19902973993853273,16,2026-05-26 14:36:04.540,2026-05-26 14:36:05.460,0.0,-0.17321154753288148
298,2026-05-26 14:36:06,12.099921881644216,29.0,42.1,14.85,12.529432352941177,0.15427363074782968,17,2026-05-26 14:36:05.520,2026-05-26 14:36:06.470,0.005,-0.42951047129696107
299,2026-05-26 14:36:07,12.47355367371399,29.0,43.4,15.32,12.497525,0.21882797249590058,16,2026-05-26 14:36:06.540,2026-05-26 14:36:07.470,-0.005,-0.023971326286009287
300,2026-05-26 14:36:08,12.4448127666317,29.0,43.3,15.29,12.599923125,0.1445115630307256,16,2026-05-26 14:36:07.530,2026-05-26 14:36:08.450,0.01,-0.1551103583683009
301,2026-05-26 14:36:09,12.58851730204315,29.0,43.8,15.46,12.637178666666667,0.3409785692860782,15,2026-05-26 14:36:08.520,2026-05-26 14:36:09.500,-0.01,-0.04866136462351811
302,2026-05-26 14:36:10,12.47355367371399,29.0,43.4,15.32,12.63636,0.24272877088086076,16,2026-05-26 14:36:09.560,2026-05-26 14:36:10.490,-0.025,-0.16280632628600955
303,2026-05-26 14:36:11,12.58851730204315,29.0,43.8,15.46,12.626754666666667,0.24420962701471574,15,2026-05-26 14:36:10.570,2026-05-26 14:36:11.460,-0.015,-0.03823736462351768
304,2026-05-26 14:36:12,12.617258209125442,29.0,43.9,15.5,12.668247058823528,0.26265616204376147,17,2026-05-26 14:36:11.520,2026-05-26 14:36:12.470,0.005,-0.05098884969808637
305,2026-05-26 14:36:13,12.58851730204315,29.0,43.8,15.46,12.61235375,0.2718295200764628,16,2026-05-26 14:36:12.530,2026-05-26 14:36:13.480,-0.005,-0.02383644795685136
306,2026-05-26 14:36:14,12.818444558701474,29.0,44.6,15.75,12.72276588235294,0.25562203279595286,17,2026-05-26 14:36:13.540,2026-05-26 14:36:14.500,-0.02,0.095678676348534
307,2026-05-26 14:36:15,12.617258209125442,29.0,43.9,15.5,12.845181875,0.23282796081280674,16,2026-05-26 14:36:14.580,2026-05-26 14:36:15.480,-0.03,-0.2279236658745578
308,2026-05-26 14:36:16,12.904667279948344,29.0,44.9,15.85,12.853458125,0.2653327091839917,16,2026-05-26 14:36:15.530,2026-05-26 14:36:16.460,0.005,0.05120915494834399
309,2026-05-26 14:36:17,12.777161586427011,28.9,44.7,15.69,12.858428823529412,0.3245741125475498,17,2026-05-26 14:36:16.520,2026-05-26 14:36:17.480,0.0,-0.08126723710240036
310,2026-05-26 14:36:18,12.990890001195217,29.0,45.2,15.96,13.03720375,0.2458030427768003,16,2026-05-26 14:36:17.530,2026-05-26 14:36:18.450,0.01,-0.04631374880478312
311,2026-05-26 14:36:19,12.962149094112926,29.0,45.1,15.92,13.060504117647058,0.23349969009772864,17,2026-05-26 14:36:18.510,2026-05-26 14:36:19.500,-0.005,-0.09835502353413261
312,2026-05-26 14:36:20,13.105853629524377,29.0,45.6,16.09,13.125604375,0.19936980276089147,16,2026-05-26 14:36:19.560,2026-05-26 14:36:20.490,-0.025,-0.019750745475622722
313,2026-05-26 14:36:21,13.105853629524377,29.0,45.6,16.09,13.081383125,0.26997928134627275,16,2026-05-26 14:36:20.560,2026-05-26 14:36:21.500,-0.03,0.024470504524376935
314,2026-05-26 14:36:22,13.134594536606667,29.0,45.7,16.13,13.14018357142857,0.28356249357626023,14,2026-05-26 14:36:21.560,2026-05-26 14:36:22.450,-0.005,-0.005589034821904093
315,2026-05-26 14:36:23,13.048371815359793,29.0,45.4,16.03,13.03019875,0.19185836532452774,16,2026-05-26 14:36:22.540,2026-05-26 14:36:23.460,0.0,0.018173065359793128
316,2026-05-26 14:36:24,13.20592539805208,28.9,46.2,16.21,13.154623749999999,0.20196650906771624,16,2026-05-26 14:36:23.520,2026-05-26 14:36:24.460,0.01,0.051301648052081816
317,2026-05-26 14:36:25,13.220817257853538,29.0,46.0,16.23,13.19319125,0.272337711671251,16,2026-05-26 14:36:24.510,2026-05-26 14:36:25.460,0.015,0.02762600785353797
318,2026-05-26 14:36:26,13.220817257853538,29.0,46.0,16.23,13.212501176470587,0.2080837818909233,17,2026-05-26 14:36:25.520,2026-05-26 14:36:26.470,0.005,0.008316081382950813
319,2026-05-26 14:36:27,13.377430922702107,28.9,46.8,16.41,13.370911875,0.2656951927107137,16,2026-05-26 14:36:26.540,2026-05-26 14:36:27.480,-0.01,0.006519047702107983
320,2026-05-26 14:36:28,13.291678160377092,28.9,46.5,16.31,13.322301875,0.1677903583729311,16,2026-05-26 14:36:27.560,2026-05-26 14:36:28.470,-0.015,-0.030623714622908693
321,2026-05-26 14:36:29,13.291678160377092,28.9,46.5,16.31,13.353148125,0.27040701801096695,16,2026-05-26 14:36:28.540,2026-05-26 14:36:29.460,0.0,-0.061469964622908435
322,2026-05-26 14:36:30,13.291678160377092,28.9,46.5,16.31,13.36677411764706,0.12640246966825927,17,2026-05-26 14:36:29.520,2026-05-26 14:36:30.470,0.005,-0.07509595726996743
323,2026-05-26 14:36:31,13.335780886182697,29.0,46.4,16.37,13.380311333333333,0.2279702644728245,15,2026-05-26 14:36:30.540,2026-05-26 14:36:31.460,0.0,-0.044530447150636476
324,2026-05-26 14:36:32,13.434599430918782,28.9,47.0,16.48,13.382278666666668,0.26618064655060003,15,2026-05-26 14:36:31.520,2026-05-26 14:36:32.500,-0.01,0.05232076425211396
325,2026-05-26 14:36:33,13.520352193243793,28.9,47.3,16.58,13.587872,0.2228454371531981,15,2026-05-26 14:36:32.580,2026-05-26 14:36:33.500,-0.04,-0.0675198067562075
326,2026-05-26 14:36:34,13.377430922702107,28.9,46.8,16.41,13.466483125,0.3265309442757048,16,2026-05-26 14:36:33.580,2026-05-26 14:36:34.500,-0.04,-0.08905220229789279
327,2026-05-26 14:36:35,13.491767939135459,28.9,47.2,16.54,13.446868666666667,0.26018607407190797,15,2026-05-26 14:36:34.560,2026-05-26 14:36:35.480,-0.02,0.04489927246879155
328,2026-05-26 14:36:36,13.348846668593769,28.9,46.7,16.38,13.544766875,0.24525398029304926,16,2026-05-26 14:36:35.540,2026-05-26 14:36:36.500,-0.02,-0.19592020640623176
329,2026-05-26 14:36:37,13.949116004868863,28.9,48.8,17.07,13.596649375,0.3123525932333261,16,2026-05-26 14:36:36.560,2026-05-26 14:36:37.480,-0.02,0.35246662986886257
330,2026-05-26 14:36:38,13.72044197200216,28.9,48.0,16.81,13.657399999999999,0.2928709745409595,15,2026-05-26 14:36:37.560,2026-05-26 14:36:38.460,-0.01,0.06304197200216066
331,2026-05-26 14:36:39,13.651930864087893,29.0,47.5,16.74,13.631800588235294,0.3046027478633152,17,2026-05-26 14:36:38.520,2026-05-26 14:36:39.480,0.0,0.02013027585259941
332,2026-05-26 14:36:40,13.806194734327173,28.9,48.3,16.91,13.630034375,0.2390939649863978,16,2026-05-26 14:36:39.540,2026-05-26 14:36:40.470,-0.005,0.17616035932717367
333,2026-05-26 14:36:41,13.949116004868863,28.9,48.8,17.07,13.653535,0.20609276558546827,16,2026-05-26 14:36:40.540,2026-05-26 14:36:41.470,-0.005,0.29558100486886296
334,2026-05-26 14:36:42,13.7490262261105,28.9,48.1,16.84,13.72901,0.23055747795289577,16,2026-05-26 14:36:41.540,2026-05-26 14:36:42.450,0.005,0.020016226110499247
335,2026-05-26 14:36:43,13.634689209677148,28.9,47.7,16.71,13.805387058823529,0.1564670412884417,17,2026-05-26 14:36:42.520,2026-05-26 14:36:43.500,-0.01,-0.17069784914638042
336,2026-05-26 14:36:44,13.89194749665219,28.9,48.6,17.0,13.770443125,0.1683104944527123,16,2026-05-26 14:36:43.550,2026-05-26 14:36:44.470,-0.01,0.12150437165218975
337,2026-05-26 14:36:45,13.86336324254385,28.9,48.5,16.97,13.8408825,0.24658674058702607,16,2026-05-26 14:36:44.540,2026-05-26 14:36:45.480,-0.01,0.02248074254385024
338,2026-05-26 14:36:46,13.89194749665219,28.9,48.6,17.0,13.8963725,0.19332498084831107,16,2026-05-26 14:36:45.540,2026-05-26 14:36:46.470,-0.005,-0.0044250033478103745
339,2026-05-26 14:36:47,14.034868767193874,28.9,49.1,17.17,13.896190625,0.2326479672371611,16,2026-05-26 14:36:46.540,2026-05-26 14:36:47.480,-0.01,0.13867814219387498
340,2026-05-26 14:36:48,14.034868767193874,28.9,49.1,17.17,13.87334,0.2713189495532274,16,2026-05-26 14:36:47.540,2026-05-26 14:36:48.450,0.005,0.16152876719387343
341,2026-05-26 14:36:49,14.09203727541055,28.9,49.3,17.23,13.852198823529411,0.3097922637607815,17,2026-05-26 14:36:48.520,2026-05-26 14:36:49.500,-0.01,0.2398384518811394
342,2026-05-26 14:36:50,14.09203727541055,28.9,49.3,17.23,13.968351875,0.2431807236938198,16,2026-05-26 14:36:49.560,2026-05-26 14:36:50.470,-0.015,0.12368540041055098
343,2026-05-26 14:36:51,14.320711308277255,28.9,50.1,17.49,13.909401333333333,0.2979500048394182,15,2026-05-26 14:36:50.540,2026-05-26 14:36:51.450,0.005,0.4113099749439222
344,2026-05-26 14:36:52,14.263542800060579,28.9,49.9,17.42,13.95101375,0.13741293994744438,16,2026-05-26 14:36:51.520,2026-05-26 14:36:52.470,0.005,0.3125290500605793
345,2026-05-26 14:36:53,14.263542800060579,28.9,49.9,17.42,13.99944125,0.2967592211850091,16,2026-05-26 14:36:52.530,2026-05-26 14:36:53.460,0.005,0.26410155006057856
346,2026-05-26 14:36:54,14.120621529518887,28.9,49.4,17.26,13.98811705882353,0.1795579107406821,17,2026-05-26 14:36:53.520,2026-05-26 14:36:54.490,-0.005,0.1325044706953573
347,2026-05-26 14:36:55,14.320711308277255,28.9,50.1,17.49,14.154224375,0.3624495510084825,16,2026-05-26 14:36:54.560,2026-05-26 14:36:55.480,-0.02,0.1664869332772554
348,2026-05-26 14:36:56,14.349295562385592,28.9,50.2,17.52,14.17977125,0.24731454718974175,16,2026-05-26 14:36:55.540,2026-05-26 14:36:56.460,0.0,0.16952431238559207
349,2026-05-26 14:36:57,14.177790037735564,28.9,49.6,17.33,14.048560625,0.18886639879268272,16,2026-05-26 14:36:56.520,2026-05-26 14:36:57.440,0.02,0.12922941273556354
350,2026-05-26 14:36:58,14.492216832927284,28.9,50.7,17.67,14.183211176470587,0.29357783835557016,17,2026-05-26 14:36:57.520,2026-05-26 14:36:58.480,0.0,0.3090056564566961
351,2026-05-26 14:36:59,14.435048324710609,28.9,50.5,17.61,14.09654375,0.28891099101914886,16,2026-05-26 14:36:58.540,2026-05-26 14:36:59.500,-0.02,0.33850457471060835
352,2026-05-26 14:37:00,14.549385341143957,28.9,50.9,17.74,13.99868375,0.19667325891352547,16,2026-05-26 14:36:59.560,2026-05-26 14:37:00.470,-0.015,0.550701591143957
353,2026-05-26 14:37:01,14.577969595252293,28.9,51.0,17.77,14.015818125,0.24273820853527905,16,2026-05-26 14:37:00.540,2026-05-26 14:37:01.460,0.0,0.5621514702522941
354,2026-05-26 14:37:02,14.492216832927284,28.9,50.7,17.67,14.107205882352941,0.2368702405869831,17,2026-05-26 14:37:01.520,2026-05-26 14:37:02.480,0.0,0.3850109505743422
355,2026-05-26 14:37:03,14.63513810346897,28.9,51.2,17.83,14.135681875,0.3014157694662253,16,2026-05-26 14:37:02.540,2026-05-26 14:37:03.460,0.0,0.4994562284689703
356,2026-05-26 14:37:04,14.63513810346897,28.9,51.2,17.83,14.205395625,0.2463041661027747,16,2026-05-26 14:37:03.520,2026-05-26 14:37:04.470,0.005,0.4297424784689703
357,2026-05-26 14:37:05,14.720890865793983,28.9,51.5,17.92,14.09883375,0.19630794997910792,16,2026-05-26 14:37:04.540,2026-05-26 14:37:05.480,-0.01,0.6220571157939823
358,2026-05-26 14:37:06,14.577969595252293,28.9,51.0,17.77,14.23993705882353,0.2264098478634685,17,2026-05-26 14:37:05.540,2026-05-26 14:37:06.500,-0.02,0.33803253642876285
359,2026-05-26 14:37:07,14.577969595252293,28.9,51.0,17.77,14.105453749999999,0.2867304464678743,16,2026-05-26 14:37:06.560,2026-05-26 14:37:07.480,-0.02,0.4725158452522944
360,2026-05-26 14:37:08,14.720890865793983,28.9,51.5,17.92,14.159793529411765,0.23381645728918374,17,2026-05-26 14:37:07.540,2026-05-26 14:37:08.500,-0.02,0.5610973363822183
361,2026-05-26 14:37:09,14.720890865793983,28.9,51.5,17.92,14.191286,0.3334490667638976,15,2026-05-26 14:37:08.570,2026-05-26 14:37:09.460,-0.015,0.5296048657939831
362,2026-05-26 14:37:10,15.121070423310712,28.9,52.9,18.35,14.166394117647059,0.26260060279488173,17,2026-05-26 14:37:09.540,2026-05-26 14:37:10.500,-0.02,0.9546763056636536
363,2026-05-26 14:37:11,14.77805937401066,28.9,51.7,17.98,14.132899375,0.28823520944924474,16,2026-05-26 14:37:10.560,2026-05-26 14:37:11.480,-0.02,0.6451599990106605
364,2026-05-26 14:37:12,14.66372235757731,28.9,51.3,17.86,14.26222294117647,0.13271545952547803,17,2026-05-26 14:37:11.540,2026-05-26 14:37:12.500,-0.02,0.4014994164008403
365,2026-05-26 14:37:13,14.806643628118998,28.9,51.8,18.02,14.414596874999999,0.34038285763178994,16,2026-05-26 14:37:12.560,2026-05-26 14:37:13.480,-0.02,0.39204675311899884
366,2026-05-26 14:37:14,14.806643628118998,28.9,51.8,18.02,14.197905294117648,0.20394050827133495,17,2026-05-26 14:37:13.540,2026-05-26 14:37:14.500,-0.02,0.6087383340013499
367,2026-05-26 14:37:15,14.892396390444011,28.9,52.1,18.11,14.385603125,0.22189078483850982,16,2026-05-26 14:37:14.560,2026-05-26 14:37:15.480,-0.02,0.5067932654440117
368,2026-05-26 14:37:16,14.806643628118998,28.9,51.8,18.02,14.420881875,0.24521756691337723,16,2026-05-26 14:37:15.540,2026-05-26 14:37:16.460,0.0,0.38576175311899874
369,2026-05-26 14:37:17,14.863812136335675,28.9,52.0,18.08,14.317875625000001,0.20762819631796192,16,2026-05-26 14:37:16.520,2026-05-26 14:37:17.460,0.01,0.5459365113356736
370,2026-05-26 14:37:18,14.949564898660688,28.9,52.3,18.17,14.364709411764707,0.24382605899161514,17,2026-05-26 14:37:17.520,2026-05-26 14:37:18.500,-0.01,0.5848554868959805
371,2026-05-26 14:37:19,14.949564898660688,28.9,52.3,18.17,14.465215,0.18571343426544717,16,2026-05-26 14:37:18.560,2026-05-26 14:37:19.500,-0.03,0.4843498986606871
372,2026-05-26 14:37:20,14.949564898660688,28.9,52.3,18.17,14.3980175,0.18416062487223792,16,2026-05-26 14:37:19.560,2026-05-26 14:37:20.500,-0.03,0.5515473986606878
373,2026-05-26 14:37:21,15.121070423310712,28.9,52.9,18.35,14.572280625,0.3660012590591957,16,2026-05-26 14:37:20.560,2026-05-26 14:37:21.460,-0.01,0.5487897983107128
374,2026-05-26 14:37:22,15.321160202069079,28.9,53.6,18.56,14.59925375,0.3191287367583812,16,2026-05-26 14:37:21.540,2026-05-26 14:37:22.460,0.0,0.7219064520690779
375,2026-05-26 14:37:23,15.178238931527389,28.9,53.1,18.41,14.515115,0.2792606893686734,16,2026-05-26 14:37:22.520,2026-05-26 14:37:23.460,0.01,0.6631239315273891
376,2026-05-26 14:37:24,15.09248616920238,28.9,52.8,18.32,14.597238749999999,0.2235012205447657,16,2026-05-26 14:37:23.520,2026-05-26 14:37:24.460,0.01,0.49524741920238036
377,2026-05-26 14:37:25,15.178238931527389,28.9,53.1,18.41,14.652992666666668,0.3069445132841404,15,2026-05-26 14:37:24.520,2026-05-26 14:37:25.460,0.01,0.525246264860721
378,2026-05-26 14:37:26,15.321160202069079,28.9,53.6,18.56,14.67862705882353,0.19214493936104285,17,2026-05-26 14:37:25.520,2026-05-26 14:37:26.490,-0.005,0.642533143245549
379,2026-05-26 14:37:27,15.178238931527389,28.9,53.1,18.41,14.634824666666667,0.2177308417311439,15,2026-05-26 14:37:26.560,2026-05-26 14:37:27.440,0.0,0.5434142648607221
380,2026-05-26 14:37:28,15.492665726719107,28.9,54.2,18.74,14.754596470588234,0.1586397744869321,17,2026-05-26 14:37:27.520,2026-05-26 14:37:28.500,-0.01,0.7380692561308724
381,2026-05-26 14:37:29,15.206823185635729,28.9,53.2,18.44,14.73676875,0.251094964608346,16,2026-05-26 14:37:28.560,2026-05-26 14:37:29.480,-0.02,0.47005443563572946
382,2026-05-26 14:37:30,15.263991693852406,28.9,53.4,18.5,14.681911875,0.3691292469622489,16,2026-05-26 14:37:29.540,2026-05-26 14:37:30.460,0.0,0.5820798188524048
383,2026-05-26 14:37:31,15.406912964394094,28.9,53.9,18.65,14.807640625,0.36593229817310474,16,2026-05-26 14:37:30.520,2026-05-26 14:37:31.480,0.0,0.5992723393940942
384,2026-05-26 14:37:32,15.263991693852406,28.9,53.4,18.5,14.738741875,0.1594910596122863,16,2026-05-26 14:37:31.540,2026-05-26 14:37:32.450,0.005,0.5252498188524051
385,2026-05-26 14:37:33,15.807092521910821,28.9,55.3,19.06,14.800990625,0.4160601497455024,16,2026-05-26 14:37:32.520,2026-05-26 14:37:33.480,0.0,1.0061018969108204
386,2026-05-26 14:37:34,15.43549721850243,28.9,54.0,18.68,14.75936294117647,0.24660144146893961,17,2026-05-26 14:37:33.540,2026-05-26 14:37:34.500,-0.02,0.6761342773259607
387,2026-05-26 14:37:35,15.521249980827443,28.9,54.3,18.77,14.84106625,0.3019498669619402,16,2026-05-26 14:37:34.560,2026-05-26 14:37:35.480,-0.02,0.6801837308274425
388,2026-05-26 14:37:36,15.578418489044122,28.9,54.5,18.83,14.71864375,0.26961919743408463,16,2026-05-26 14:37:35.540,2026-05-26 14:37:36.450,0.005,0.8597747390441217
389,2026-05-26 14:37:37,15.635586997260798,28.9,54.7,18.88,14.899074666666667,0.25271817021187504,15,2026-05-26 14:37:36.520,2026-05-26 14:37:37.460,0.01,0.736512330594131
390,2026-05-26 14:37:38,15.43549721850243,28.9,54.0,18.68,14.8265575,0.19910237760174257,16,2026-05-26 14:37:37.520,2026-05-26 14:37:38.460,0.01,0.6089397185024303
391,2026-05-26 14:37:39,15.635586997260798,28.9,54.7,18.88,14.769615625,0.2465304344692222,16,2026-05-26 14:37:38.520,2026-05-26 14:37:39.460,0.01,0.8659713722607982
392,2026-05-26 14:37:40,15.578418489044122,28.9,54.5,18.83,14.86181625,0.3089655527913537,16,2026-05-26 14:37:39.520,2026-05-26 14:37:40.450,0.015,0.7166022390441213
393,2026-05-26 14:37:41,15.635586997260798,28.9,54.7,18.88,14.728558125,0.2482346921287395,16,2026-05-26 14:37:40.520,2026-05-26 14:37:41.460,0.01,0.9070288722607991
394,2026-05-26 14:37:42,15.66417125136913,28.9,54.8,18.91,14.751788823529411,0.28308092800209883,17,2026-05-26 14:37:41.520,2026-05-26 14:37:42.500,-0.01,0.9123824278397183
395,2026-05-26 14:37:43,15.749924013694148,28.9,55.1,19.0,14.732393125,0.20347289148577832,16,2026-05-26 14:37:42.560,2026-05-26 14:37:43.500,-0.03,1.0175308886941483
396,2026-05-26 14:37:44,15.43549721850243,28.9,54.0,18.68,14.824815625,0.2907324095674867,16,2026-05-26 14:37:43.570,2026-05-26 14:37:44.500,-0.035,0.6106815935024308
397,2026-05-26 14:37:45,15.66417125136913,28.9,54.8,18.91,14.74656875,0.297260972858867,16,2026-05-26 14:37:44.560,2026-05-26 14:37:45.500,-0.03,0.9176025013691298
398,2026-05-26 14:37:46,15.521249980827443,28.9,54.3,18.77,14.820975333333333,0.1554614775832936,15,2026-05-26 14:37:45.560,2026-05-26 14:37:46.460,-0.01,0.7002746474941102
399,2026-05-26 14:37:47,15.66417125136913,28.9,54.8,18.91,14.80887,0.30058176146113186,14,2026-05-26 14:37:46.520,2026-05-26 14:37:47.470,0.005,0.8553012513691289
400,2026-05-26 14:37:48,15.721339759585808,28.9,55.0,18.97,14.796915,0.1953545774909475,16,2026-05-26 14:37:47.540,2026-05-26 14:37:48.470,-0.005,0.9244247595858077
401,2026-05-26 14:37:49,15.66417125136913,28.9,54.8,18.91,15.06042,0.26513753231106335,16,2026-05-26 14:37:48.540,2026-05-26 14:37:49.480,-0.01,0.603751251369129
402,2026-05-26 14:37:50,15.835676776019158,28.9,55.4,19.09,14.8953325,0.24187895632595505,16,2026-05-26 14:37:49.540,2026-05-26 14:37:50.480,-0.01,0.9403442760191574
403,2026-05-26 14:37:51,15.97859804656085,28.9,55.9,19.23,14.932505,0.26762855840339034,14,2026-05-26 14:37:50.540,2026-05-26 14:37:51.420,0.02,1.0460930465608484
404,2026-05-26 14:37:52,16.064350808885866,28.9,56.2,19.32,14.90120375,0.14163631360518614,16,2026-05-26 14:37:51.510,2026-05-26 14:37:52.480,0.005,1.1631470588858654
405,2026-05-26 14:37:53,15.635586997260798,28.9,54.7,18.88,15.056015625,0.18799694277545181,16,2026-05-26 14:37:52.540,2026-05-26 14:37:53.480,-0.01,0.5795713722607978
406,2026-05-26 14:37:54,15.749924013694148,28.9,55.1,19.0,15.051904375,0.21160899117535156,16,2026-05-26 14:37:53.540,2026-05-26 14:37:54.480,-0.01,0.6980196386941486
407,2026-05-26 14:37:55,16.264440587644224,28.9,56.9,19.52,15.14333375,0.2843722620058668,16,2026-05-26 14:37:54.540,2026-05-26 14:37:55.480,-0.01,1.1211068376442235
408,2026-05-26 14:37:56,15.835676776019158,28.9,55.4,19.09,15.01200375,0.2983911237481215,16,2026-05-26 14:37:55.550,2026-05-26 14:37:56.480,-0.015,0.8236730260191578
409,2026-05-26 14:37:57,16.064350808885866,28.9,56.2,19.32,15.05278375,0.2629968977732121,16,2026-05-26 14:37:56.540,2026-05-26 14:37:57.480,-0.01,1.0115670588858663
410,2026-05-26 14:37:58,15.950013792452511,28.9,55.8,19.2,15.130716875,0.27699619734378417,16,2026-05-26 14:37:57.550,2026-05-26 14:37:58.450,0.0,0.8192969174525118
411,2026-05-26 14:37:59,16.064350808885866,28.9,56.2,19.32,14.99341,0.22329443047241448,16,2026-05-26 14:37:58.520,2026-05-26 14:37:59.500,-0.01,1.0709408088858652
412,2026-05-26 14:38:00,15.950013792452511,28.9,55.8,19.2,15.13609375,0.24030456979633139,16,2026-05-26 14:37:59.560,2026-05-26 14:38:00.500,-0.03,0.8139200424525104
413,2026-05-26 14:38:01,15.892845284235836,28.9,55.6,19.15,15.09694,0.24714585224114152,16,2026-05-26 14:38:00.560,2026-05-26 14:38:01.490,-0.025,0.7959052842358361
414,2026-05-26 14:38:02,16.121519317102535,28.9,56.4,19.38,14.983403125,0.18021807322310943,16,2026-05-26 14:38:01.560,2026-05-26 14:38:02.460,-0.01,1.138116192102535
415,2026-05-26 14:38:03,16.035766554777524,28.9,56.1,19.29,15.067254375,0.39319625067674546,16,2026-05-26 14:38:02.520,2026-05-26 14:38:03.470,0.005,0.9685121797775249
416,2026-05-26 14:38:04,16.035766554777524,28.9,56.1,19.29,15.00799375,0.20788304496759683,16,2026-05-26 14:38:03.540,2026-05-26 14:38:04.480,-0.01,1.0277728047775234
417,2026-05-26 14:38:05,15.892845284235836,28.9,55.6,19.15,15.064789333333334,0.3386301279201806,15,2026-05-26 14:38:04.540,2026-05-26 14:38:05.460,0.0,0.8280559509025025
418,2026-05-26 14:38:06,15.835676776019158,28.9,55.4,19.09,15.201276875,0.21707692036752785,16,2026-05-26 14:38:05.520,2026-05-26 14:38:06.450,0.015,0.6343999010191581
419,2026-05-26 14:38:07,16.035766554777524,28.9,56.1,19.29,15.229290625,0.299077486514086,16,2026-05-26 14:38:06.520,2026-05-26 14:38:07.460,0.01,0.8064759297775232
420,2026-05-26 14:38:08,16.121519317102535,28.9,56.4,19.38,15.115094666666666,0.20263413884799025,15,2026-05-26 14:38:07.530,2026-05-26 14:38:08.440,0.015,1.0064246504358696
421,2026-05-26 14:38:09,16.121519317102535,28.9,56.4,19.38,15.145075333333333,0.2724099711009822,15,2026-05-26 14:38:08.520,2026-05-26 14:38:09.500,-0.01,0.9764439837692027
422,2026-05-26 14:38:10,16.064350808885866,28.9,56.2,19.32,15.076581333333333,0.21429024512384595,15,2026-05-26 14:38:09.580,2026-05-26 14:38:10.460,-0.02,0.9877694755525326
423,2026-05-26 14:38:11,16.293024841752565,28.9,57.0,19.55,15.148451875,0.32498534398172,16,2026-05-26 14:38:10.520,2026-05-26 14:38:11.500,-0.01,1.1445729667525661
424,2026-05-26 14:38:12,16.035766554777524,28.9,56.1,19.29,15.175705625,0.2773833529965038,16,2026-05-26 14:38:11.560,2026-05-26 14:38:12.480,-0.02,0.8600609297775232
425,2026-05-26 14:38:13,16.150103571210874,28.9,56.5,19.4,15.126795,0.3308518952038812,16,2026-05-26 14:38:12.540,2026-05-26 14:38:13.500,-0.02,1.0233085712108743
426,2026-05-26 14:38:14,16.378777604077577,28.9,57.3,19.63,15.261833125,0.2641954788843226,16,2026-05-26 14:38:13.560,2026-05-26 14:38:14.500,-0.03,1.116944479077576
427,2026-05-26 14:38:15,16.293024841752565,28.9,57.0,19.55,15.27647125,0.32482529416852157,16,2026-05-26 14:38:14.560,2026-05-26 14:38:15.480,-0.02,1.0165535917525652
428,2026-05-26 14:38:16,16.350193349969242,28.9,57.2,19.6,15.210448125,0.28367554777054166,16,2026-05-26 14:38:15.560,2026-05-26 14:38:16.490,-0.025,1.1397452249692428
429,2026-05-26 14:38:17,16.207272079427554,28.9,56.7,19.46,15.2447625,0.2641080364926444,16,2026-05-26 14:38:16.560,2026-05-26 14:38:17.500,-0.03,0.9625095794275538
430,2026-05-26 14:38:18,16.464530366402595,28.9,57.6,19.71,15.28615625,0.3674657844548249,16,2026-05-26 14:38:17.560,2026-05-26 14:38:18.480,-0.02,1.1783741164025958
431,2026-05-26 14:38:19,16.378777604077577,28.9,57.3,19.63,15.099969375,0.2102968891977482,16,2026-05-26 14:38:18.540,2026-05-26 14:38:19.500,-0.02,1.2788082290775762
432,2026-05-26 14:38:20,16.207272079427554,28.9,56.7,19.46,15.2606725,0.2361984336244991,16,2026-05-26 14:38:19.560,2026-05-26 14:38:20.500,-0.03,0.9465995794275539
433,2026-05-26 14:38:21,16.293024841752565,28.9,57.0,19.55,15.318405625,0.2703822849218923,16,2026-05-26 14:38:20.560,2026-05-26 14:38:21.500,-0.03,0.9746192167525649
434,2026-05-26 14:38:22,16.550283128727607,28.9,57.9,19.8,15.405521875,0.21968812795168705,16,2026-05-26 14:38:21.560,2026-05-26 14:38:22.460,-0.01,1.1447612537276068
435,2026-05-26 14:38:23,16.264440587644224,28.9,56.9,19.52,15.359939375,0.2596588085281337,16,2026-05-26 14:38:22.520,2026-05-26 14:38:23.480,0.0,0.9045012126442238
436,2026-05-26 14:38:24,16.550283128727607,28.9,57.9,19.8,15.364625,0.25861319907021973,16,2026-05-26 14:38:23.540,2026-05-26 14:38:24.500,-0.02,1.1856581287276065
437,2026-05-26 14:38:25,16.464530366402595,28.9,57.6,19.71,15.479818,0.3036571419545404,15,2026-05-26 14:38:24.570,2026-05-26 14:38:25.460,-0.015,0.9847123664025954
438,2026-05-26 14:38:26,16.550283128727607,28.9,57.9,19.8,15.308349999999999,0.2353186778870305,17,2026-05-26 14:38:25.520,2026-05-26 14:38:26.480,0.0,1.2419331287276076
439,2026-05-26 14:38:27,16.378777604077577,28.9,57.3,19.63,15.505926666666666,0.22136488244740263,15,2026-05-26 14:38:26.550,2026-05-26 14:38:27.490,-0.02,0.8728509374109112
440,2026-05-26 14:38:28,16.464530366402595,28.9,57.6,19.71,15.614994999999999,0.2939610570689198,14,2026-05-26 14:38:27.560,2026-05-26 14:38:28.440,0.0,0.8495353664025966
441,2026-05-26 14:38:29,16.464530366402595,28.9,57.6,19.71,15.53923375,0.31166717566179464,16,2026-05-26 14:38:28.510,2026-05-26 14:38:29.480,0.005,0.925296616402596
442,2026-05-26 14:38:30,16.693204399269295,28.9,58.4,19.94,15.568363125,0.2072613980048306,16,2026-05-26 14:38:29.540,2026-05-26 14:38:30.500,-0.02,1.1248412742692953
443,2026-05-26 14:38:31,16.607451636944283,28.9,58.1,19.85,15.54411,0.28144412449602335,16,2026-05-26 14:38:30.560,2026-05-26 14:38:31.500,-0.03,1.0633416369442834
444,2026-05-26 14:38:32,17.036215448569347,28.9,59.6,20.27,15.525343125000001,0.23209018019493363,16,2026-05-26 14:38:31.560,2026-05-26 14:38:32.500,-0.03,1.5108723235693464
445,2026-05-26 14:38:33,16.52169887461927,28.9,57.8,19.77,15.699266428571429,0.22837721015248627,14,2026-05-26 14:38:32.560,2026-05-26 14:38:33.480,-0.02,0.8224324460478396
446,2026-05-26 14:38:34,16.550283128727607,28.9,57.9,19.8,15.536628,0.19893096143421907,15,2026-05-26 14:38:33.560,2026-05-26 14:38:34.480,-0.02,1.0136551287276063
447,2026-05-26 14:38:35,16.293024841752565,28.9,57.0,19.55,15.669168,0.322015093883146,15,2026-05-26 14:38:34.540,2026-05-26 14:38:35.480,-0.01,0.6238568417525645
448,2026-05-26 14:38:36,16.664620145160956,28.9,58.3,19.91,15.616942,0.2756455000591468,15,2026-05-26 14:38:35.550,2026-05-26 14:38:36.470,-0.01,1.0476781451609565
449,2026-05-26 14:38:37,16.52169887461927,28.9,57.8,19.77,15.573210666666666,0.23700374112377776,15,2026-05-26 14:38:36.540,2026-05-26 14:38:37.470,-0.005,0.948488207952602
450,2026-05-26 14:38:38,16.75037290748597,28.9,58.6,19.99,15.656076875,0.18090636615732977,16,2026-05-26 14:38:37.550,2026-05-26 14:38:38.500,-0.025,1.0942960324859712
451,2026-05-26 14:38:39,16.607451636944283,28.9,58.1,19.85,15.71567,0.25344594058694253,15,2026-05-26 14:38:38.560,2026-05-26 14:38:39.490,-0.025,0.8917816369442839
452,2026-05-26 14:38:40,16.607451636944283,28.9,58.1,19.85,15.596568666666666,0.1918193491233224,15,2026-05-26 14:38:39.560,2026-05-26 14:38:40.460,-0.01,1.010882970277617
453,2026-05-26 14:38:41,16.75037290748597,28.9,58.6,19.99,15.70181,0.2728316889708131,16,2026-05-26 14:38:40.520,2026-05-26 14:38:41.500,-0.01,1.0485629074859713
454,2026-05-26 14:38:42,16.836125669810983,28.9,58.9,20.07,15.74987,0.31264454206928716,15,2026-05-26 14:38:41.590,2026-05-26 14:38:42.460,-0.025,1.086255669810983
455,2026-05-26 14:38:43,16.77895716159431,28.9,58.7,20.02,15.76402375,0.24683106449216105,16,2026-05-26 14:38:42.520,2026-05-26 14:38:43.460,0.01,1.0149334115943098
456,2026-05-26 14:38:44,16.75037290748597,28.9,58.6,19.99,15.74617588235294,0.2829492618840616,17,2026-05-26 14:38:43.520,2026-05-26 14:38:44.500,-0.01,1.0041970251330312
457,2026-05-26 14:38:45,16.693204399269295,28.9,58.4,19.94,15.758760666666667,0.3340126458142115,15,2026-05-26 14:38:44.560,2026-05-26 14:38:45.460,-0.01,0.9344437326026274
458,2026-05-26 14:38:46,16.921878432135998,28.9,59.2,20.16,15.613382352941176,0.2624080298059074,17,2026-05-26 14:38:45.520,2026-05-26 14:38:46.490,-0.005,1.3084960791948212
459,2026-05-26 14:38:47,16.836125669810983,28.9,58.9,20.07,15.880806,0.4033626074956805,15,2026-05-26 14:38:46.560,2026-05-26 14:38:47.440,0.0,0.9553196698109829
460,2026-05-26 14:38:48,16.77895716159431,28.9,58.7,20.02,15.817121764705883,0.26877999663375396,17,2026-05-26 14:38:47.520,2026-05-26 14:38:48.500,-0.01,0.9618353968884268
461,2026-05-26 14:38:49,16.921878432135998,28.9,59.2,20.16,15.696794375,0.21609092215913037,16,2026-05-26 14:38:48.560,2026-05-26 14:38:49.500,-0.03,1.225084057135998
462,2026-05-26 14:38:50,16.950462686244336,28.9,59.3,20.18,15.85920125,0.2711927163691281,16,2026-05-26 14:38:49.560,2026-05-26 14:38:50.500,-0.03,1.091261436244336
463,2026-05-26 14:38:51,16.693204399269295,28.9,58.4,19.94,15.741529230769231,0.17266682534395267,13,2026-05-26 14:38:50.560,2026-05-26 14:38:51.440,0.0,0.9516751685000635
464,2026-05-26 14:38:52,17.007631194461013,28.9,59.5,20.24,15.81843705882353,0.32452181203204017,17,2026-05-26 14:38:51.520,2026-05-26 14:38:52.480,0.0,1.1891941356374822
465,2026-05-26 14:38:53,17.007631194461013,28.9,59.5,20.24,15.926175,0.36968088846102615,16,2026-05-26 14:38:52.540,2026-05-26 14:38:53.460,0.0,1.081456194461012
466,2026-05-26 14:38:54,16.86470992391932,28.9,59.0,20.1,15.78634375,0.25301960714208166,16,2026-05-26 14:38:53.520,2026-05-26 14:38:54.460,0.01,1.0783661739193207
467,2026-05-26 14:38:55,16.836125669810983,28.9,58.9,20.07,15.76384625,0.35014408830032595,16,2026-05-26 14:38:54.520,2026-05-26 14:38:55.480,0.0,1.0722794198109824
468,2026-05-26 14:38:56,16.75037290748597,28.9,58.6,19.99,15.766883125,0.3498075807396356,16,2026-05-26 14:38:55.540,2026-05-26 14:38:56.470,-0.005,0.9834897824859716
469,2026-05-26 14:38:57,17.236305227327712,28.9,60.3,20.45,15.678994705882353,0.2813612484004692,17,2026-05-26 14:38:56.540,2026-05-26 14:38:57.500,-0.02,1.557310521445359
470,2026-05-26 14:38:58,17.036215448569347,28.9,59.6,20.27,15.719315625,0.3162893511953625,16,2026-05-26 14:38:57.560,2026-05-26 14:38:58.480,-0.02,1.3168998235693472
471,2026-05-26 14:38:59,16.950462686244336,28.9,59.3,20.18,15.70681,0.27858562535302,16,2026-05-26 14:38:58.540,2026-05-26 14:38:59.500,-0.02,1.2436526862443351
472,2026-05-26 14:39:00,17.007631194461013,28.9,59.5,20.24,15.778047142857144,0.3018037538490249,14,2026-05-26 14:38:59.560,2026-05-26 14:39:00.460,-0.01,1.2295840516038687
473,2026-05-26 14:39:01,16.950462686244336,28.9,59.3,20.18,15.68972375,0.28334006721899846,16,2026-05-26 14:39:00.520,2026-05-26 14:39:01.500,-0.01,1.2607389362443353
474,2026-05-26 14:39:02,17.121968210894366,28.9,59.9,20.35,15.816885333333333,0.27827538248665695,15,2026-05-26 14:39:01.570,2026-05-26 14:39:02.450,-0.01,1.3050828775610324
475,2026-05-26 14:39:03,17.007631194461013,28.9,59.5,20.24,15.87219125,0.3830707246253621,16,2026-05-26 14:39:02.520,2026-05-26 14:39:03.480,0.0,1.1354399444610124
476,2026-05-26 14:39:04,17.036215448569347,28.9,59.6,20.27,15.79287625,0.19362033467157638,16,2026-05-26 14:39:03.540,2026-05-26 14:39:04.480,-0.01,1.2433391985693465
477,2026-05-26 14:39:05,16.836125669810983,28.9,58.9,20.07,15.836777142857143,0.3212748375176277,14,2026-05-26 14:39:04.590,2026-05-26 14:39:05.500,-0.045,0.99934852695384
478,2026-05-26 14:39:06,17.121968210894366,28.9,59.9,20.35,15.8761025,0.29106140207866826,16,2026-05-26 14:39:05.560,2026-05-26 14:39:06.480,-0.02,1.2458657108943658
479,2026-05-26 14:39:07,17.236305227327712,28.9,60.3,20.45,15.921860666666667,0.2990902330273932,15,2026-05-26 14:39:06.540,2026-05-26 14:39:07.440,0.01,1.3144445606610446
480,2026-05-26 14:39:08,17.121968210894366,28.9,59.9,20.35,15.799327058823527,0.30294996657378676,17,2026-05-26 14:39:07.510,2026-05-26 14:39:08.500,-0.005,1.3226411520708385
481,2026-05-26 14:39:09,17.26488948143605,28.9,60.4,20.48,15.829108125,0.3049877161071413,16,2026-05-26 14:39:08.560,2026-05-26 14:39:09.480,-0.02,1.4357813564360509
482,2026-05-26 14:39:10,17.26488948143605,28.9,60.4,20.48,15.904995,0.21853862044651715,16,2026-05-26 14:39:09.540,2026-05-26 14:39:10.500,-0.02,1.3598944814360507
483,2026-05-26 14:39:11,17.17913671911104,28.9,60.1,20.4,15.961131333333332,0.2781011107458852,15,2026-05-26 14:39:10.560,2026-05-26 14:39:11.460,-0.01,1.2180053857777065
484,2026-05-26 14:39:12,17.26488948143605,28.9,60.4,20.48,15.807744375,0.2554815892119233,16,2026-05-26 14:39:11.520,2026-05-26 14:39:12.460,0.01,1.4571451064360499
485,2026-05-26 14:39:13,17.121968210894366,28.9,59.9,20.35,15.840910000000001,0.3335289360160524,16,2026-05-26 14:39:12.520,2026-05-26 14:39:13.450,0.015,1.281058210894365
486,2026-05-26 14:39:14,17.17913671911104,28.9,60.1,20.4,15.87282588235294,0.22318758394170402,17,2026-05-26 14:39:13.520,2026-05-26 14:39:14.500,-0.01,1.3063108367580991
487,2026-05-26 14:39:15,17.26488948143605,28.9,60.4,20.48,15.962394,0.36505182938865016,15,2026-05-26 14:39:14.560,2026-05-26 14:39:15.480,-0.02,1.3024954814360505
488,2026-05-26 14:39:16,17.26488948143605,28.9,60.4,20.48,15.96573375,0.3333002185392824,16,2026-05-26 14:39:15.540,2026-05-26 14:39:16.480,-0.01,1.2991557314360502
489,2026-05-26 14:39:17,17.236305227327712,28.9,60.3,20.45,15.973889374999999,0.2272376106331207,16,2026-05-26 14:39:16.540,2026-05-26 14:39:17.500,-0.02,1.2624158523277131
490,2026-05-26 14:39:18,17.236305227327712,28.9,60.3,20.45,15.8012375,0.2565799015641456,16,2026-05-26 14:39:17.560,2026-05-26 14:39:18.480,-0.02,1.4350677273277128
491,2026-05-26 14:39:19,17.43639500608608,28.9,61.0,20.64,16.024282666666668,0.3099668419932022,15,2026-05-26 14:39:18.540,2026-05-26 14:39:19.440,0.01,1.4121123394194122
492,2026-05-26 14:39:20,17.26488948143605,28.9,60.4,20.48,15.913845,0.183136041273511,16,2026-05-26 14:39:19.520,2026-05-26 14:39:20.460,0.01,1.35104448143605
493,2026-05-26 14:39:21,17.350642243761065,28.9,60.7,20.56,15.943416875,0.2625182463682291,16,2026-05-26 14:39:20.520,2026-05-26 14:39:21.480,0.0,1.4072253687610647
494,2026-05-26 14:39:22,17.26488948143605,28.9,60.4,20.48,15.950221875,0.2612166590710666,16,2026-05-26 14:39:21.540,2026-05-26 14:39:22.440,0.01,1.3146676064360499
495,2026-05-26 14:39:23,17.51185562895907,28.8,61.6,20.71,15.913142500000001,0.329339890052815,16,2026-05-26 14:39:22.510,2026-05-26 14:39:23.480,0.005,1.5987131289590675
496,2026-05-26 14:39:24,17.312857269539077,28.8,60.9,20.52,15.940726875000001,0.2796323733456427,16,2026-05-26 14:39:23.550,2026-05-26 14:39:24.500,-0.025,1.3721303945390755
497,2026-05-26 14:39:25,17.227572258359082,28.8,60.6,20.44,16.031754666666664,0.33039125801014146,15,2026-05-26 14:39:24.560,2026-05-26 14:39:25.500,-0.03,1.1958175916924176
498,2026-05-26 14:39:26,17.312857269539077,28.8,60.9,20.52,15.947445,0.21691622948348857,16,2026-05-26 14:39:25.570,2026-05-26 14:39:26.500,-0.035,1.3654122695390765
499,2026-05-26 14:39:27,17.312857269539077,28.8,60.9,20.52,16.030632,0.37364034756892744,15,2026-05-26 14:39:26.560,2026-05-26 14:39:27.480,-0.02,1.282225269539076
500,2026-05-26 14:39:28,17.312857269539077,28.8,60.9,20.52,15.9764,0.28740409226963637,16,2026-05-26 14:39:27.550,2026-05-26 14:39:28.500,-0.025,1.3364572695390766
501,2026-05-26 14:39:29,17.42657061777907,28.8,61.3,20.63,16.022269333333334,0.18318083479239342,15,2026-05-26 14:39:28.560,2026-05-26 14:39:29.450,-0.005,1.4043012844457365
502,2026-05-26 14:39:30,17.17913671911104,28.9,60.1,20.4,16.11096294117647,0.28305851499214585,17,2026-05-26 14:39:29.520,2026-05-26 14:39:30.500,-0.01,1.0681737779345681
503,2026-05-26 14:39:31,17.227572258359082,28.8,60.6,20.44,16.168746249999998,0.22837977709289295,16,2026-05-26 14:39:30.560,2026-05-26 14:39:31.470,-0.015,1.058826008359084
504,2026-05-26 14:39:32,17.42657061777907,28.8,61.3,20.63,16.25811125,0.1944781732354559,16,2026-05-26 14:39:31.540,2026-05-26 14:39:32.460,0.0,1.1684593677790716
505,2026-05-26 14:39:33,17.028573898939094,28.8,59.9,20.25,16.06567,0.35915435511768457,16,2026-05-26 14:39:32.520,2026-05-26 14:39:33.500,-0.01,0.9629038989390928
506,2026-05-26 14:39:34,17.312857269539077,28.8,60.9,20.52,16.22778125,0.18400650053281603,16,2026-05-26 14:39:33.560,2026-05-26 14:39:34.480,-0.02,1.085076019539077
507,2026-05-26 14:39:35,17.51185562895907,28.8,61.6,20.71,16.097797142857143,0.27061842158083127,14,2026-05-26 14:39:34.560,2026-05-26 14:39:35.470,-0.015,1.4140584861019256
508,2026-05-26 14:39:36,17.42657061777907,28.8,61.3,20.63,16.147283333333334,0.21863313478018231,15,2026-05-26 14:39:35.550,2026-05-26 14:39:36.460,-0.005,1.2792872844457364
509,2026-05-26 14:39:37,17.51185562895907,28.8,61.6,20.71,16.18122357142857,0.25116440633445786,14,2026-05-26 14:39:36.520,2026-05-26 14:39:37.450,0.015,1.3306320575304973
510,2026-05-26 14:39:38,17.39814228071907,28.8,61.2,20.6,16.165335,0.2914839905495096,16,2026-05-26 14:39:37.530,2026-05-26 14:39:38.500,-0.015,1.2328072807190722
511,2026-05-26 14:39:39,17.568712303079064,28.8,61.8,20.76,16.21786375,0.2304022232495455,16,2026-05-26 14:39:38.570,2026-05-26 14:39:39.490,-0.03,1.3508485530790644
512,2026-05-26 14:39:40,17.48342729189907,28.8,61.5,20.68,16.042232666666667,0.2819087398803946,15,2026-05-26 14:39:39.560,2026-05-26 14:39:40.480,-0.02,1.4411946252324022
513,2026-05-26 14:39:41,17.48342729189907,28.8,61.5,20.68,16.012672,0.2756965673707233,15,2026-05-26 14:39:40.550,2026-05-26 14:39:41.470,-0.01,1.4707552918990707
514,2026-05-26 14:39:42,17.597140640139063,28.8,61.9,20.79,16.091775000000002,0.26933016236582236,16,2026-05-26 14:39:41.540,2026-05-26 14:39:42.500,-0.02,1.5053656401390612
515,2026-05-26 14:39:43,17.42657061777907,28.8,61.3,20.63,16.0953425,0.2751539674315697,16,2026-05-26 14:39:42.560,2026-05-26 14:39:43.500,-0.03,1.3312281177790695
516,2026-05-26 14:39:44,17.51185562895907,28.8,61.6,20.71,16.155393999999998,0.2891224811588138,15,2026-05-26 14:39:43.570,2026-05-26 14:39:44.460,-0.015,1.356461628959071
517,2026-05-26 14:39:45,17.48342729189907,28.8,61.5,20.68,16.143196666666668,0.2646911099124158,15,2026-05-26 14:39:44.520,2026-05-26 14:39:45.470,0.005,1.340230625232401
518,2026-05-26 14:39:46,17.68242565131906,28.8,62.2,20.86,16.07062875,0.2365955340202625,16,2026-05-26 14:39:45.540,2026-05-26 14:39:46.500,-0.02,1.6117969013190603
519,2026-05-26 14:39:47,17.51185562895907,28.8,61.6,20.71,16.170168125,0.21569978384222618,16,2026-05-26 14:39:46.560,2026-05-26 14:39:47.500,-0.03,1.3416875039590686
520,2026-05-26 14:39:48,17.68242565131906,28.8,62.2,20.86,16.188243333333332,0.21374105744590868,15,2026-05-26 14:39:47.580,2026-05-26 14:39:48.480,-0.03,1.4941823179857288
521,2026-05-26 14:39:49,17.966709021919044,28.8,63.2,21.12,16.156409333333333,0.37743868274891723,15,2026-05-26 14:39:48.540,2026-05-26 14:39:49.500,-0.02,1.8102996885857117
522,2026-05-26 14:39:50,17.48342729189907,28.8,61.5,20.68,16.394383333333334,0.20833623018107125,12,2026-05-26 14:39:49.560,2026-05-26 14:39:50.400,0.02,1.0890439585657354
523,2026-05-26 14:39:51,17.653997314259062,28.8,62.1,20.84,16.39646846153846,0.2688366916254219,13,2026-05-26 14:39:50.530,2026-05-26 14:39:51.480,-0.005,1.2575288527206006
524,2026-05-26 14:39:52,17.568712303079064,28.8,61.8,20.76,16.075776875,0.2461646725999684,16,2026-05-26 14:39:51.550,2026-05-26 14:39:52.500,-0.025,1.4929354280790648
525,2026-05-26 14:39:53,17.597140640139063,28.8,61.9,20.79,16.117809333333334,0.29012852175413323,15,2026-05-26 14:39:52.560,2026-05-26 14:39:53.450,-0.005,1.4793313068057294
526,2026-05-26 14:39:54,17.68242565131906,28.8,62.2,20.86,16.346304117647062,0.2923048846037903,17,2026-05-26 14:39:53.520,2026-05-26 14:39:54.500,-0.01,1.3361215336719994
527,2026-05-26 14:39:55,17.79613899955905,28.8,62.6,20.97,16.06111333333333,0.2726717025934996,15,2026-05-26 14:39:54.560,2026-05-26 14:39:55.500,-0.03,1.7350256662257202
528,2026-05-26 14:39:56,17.597140640139063,28.8,61.9,20.79,16.304578,0.208780792158393,15,2026-05-26 14:39:55.570,2026-05-26 14:39:56.500,-0.035,1.2925626401390637
529,2026-05-26 14:39:57,17.51185562895907,28.8,61.6,20.71,16.281079333333334,0.3152450202952503,15,2026-05-26 14:39:56.560,2026-05-26 14:39:57.500,-0.03,1.2307762956257342
530,2026-05-26 14:39:58,17.79613899955905,28.8,62.6,20.97,16.018131875,0.30505373004808545,16,2026-05-26 14:39:57.570,2026-05-26 14:39:58.500,-0.035,1.7780071245590499
531,2026-05-26 14:39:59,17.966709021919044,28.8,63.2,21.12,16.268409285714288,0.25619199526509784,14,2026-05-26 14:39:58.560,2026-05-26 14:39:59.500,-0.03,1.6982997362047563
532,2026-05-26 14:40:00,17.79613899955905,28.8,62.6,20.97,16.175254666666667,0.293925205813283,15,2026-05-26 14:39:59.560,2026-05-26 14:40:00.500,-0.03,1.620884332892384
533,2026-05-26 14:40:01,17.68242565131906,28.8,62.2,20.86,15.996769333333333,0.28436589790687106,15,2026-05-26 14:40:00.580,2026-05-26 14:40:01.460,-0.02,1.6856563179857282
534,2026-05-26 14:40:02,17.653997314259062,28.8,62.1,20.84,16.18539,0.38017314665820395,16,2026-05-26 14:40:01.520,2026-05-26 14:40:02.460,0.01,1.46860731425906
535,2026-05-26 14:40:03,17.739282325439056,28.8,62.4,20.92,16.19936142857143,0.2763162426489764,14,2026-05-26 14:40:02.520,2026-05-26 14:40:03.490,-0.005,1.5399208968676277
536,2026-05-26 14:40:04,17.597140640139063,28.8,61.9,20.79,16.190027333333333,0.19616388310603433,15,2026-05-26 14:40:03.560,2026-05-26 14:40:04.500,-0.03,1.40711330680573
537,2026-05-26 14:40:05,17.68242565131906,28.8,62.2,20.86,16.129587142857144,0.2618374280241196,14,2026-05-26 14:40:04.570,2026-05-26 14:40:05.490,-0.03,1.5528385084619174
538,2026-05-26 14:40:06,17.568712303079064,28.8,61.8,20.76,16.164545999999998,0.261262231396515,15,2026-05-26 14:40:05.560,2026-05-26 14:40:06.460,-0.01,1.4041663030790659
539,2026-05-26 14:40:07,17.68242565131906,28.8,62.2,20.86,16.306298,0.24963708396104048,15,2026-05-26 14:40:06.540,2026-05-26 14:40:07.500,-0.02,1.3761276513190595
540,2026-05-26 14:40:08,17.739282325439056,28.8,62.4,20.92,16.133798,0.22268723256108403,15,2026-05-26 14:40:07.580,2026-05-26 14:40:08.480,-0.03,1.6054843254390576
541,2026-05-26 14:40:09,17.82456733661905,28.8,62.7,20.99,16.36554,0.21576988026268,15,2026-05-26 14:40:08.540,2026-05-26 14:40:09.490,-0.015,1.4590273366190516
542,2026-05-26 14:40:10,17.966709021919044,28.8,63.2,21.12,16.342069375,0.20323806413395212,16,2026-05-26 14:40:09.560,2026-05-26 14:40:10.500,-0.03,1.624639646919043
543,2026-05-26 14:40:11,17.79613899955905,28.8,62.6,20.97,16.24644,0.3684524315876567,15,2026-05-26 14:40:10.560,2026-05-26 14:40:11.460,-0.01,1.5496989995590518
544,2026-05-26 14:40:12,17.881424010739046,28.8,62.9,21.05,16.363246875,0.24621844319543496,16,2026-05-26 14:40:11.520,2026-05-26 14:40:12.460,0.01,1.5181771357390446
545,2026-05-26 14:40:13,17.881424010739046,28.8,62.9,21.05,16.40002133333333,0.2369086196305192,15,2026-05-26 14:40:12.530,2026-05-26 14:40:13.470,0.0,1.4814026774057147
546,2026-05-26 14:40:14,17.739282325439056,28.8,62.4,20.92,16.378683125,0.336433877301692,16,2026-05-26 14:40:13.530,2026-05-26 14:40:14.480,-0.005,1.360599200439058
547,2026-05-26 14:40:15,17.82456733661905,28.8,62.7,20.99,16.443099375,0.29255761275274145,16,2026-05-26 14:40:14.540,2026-05-26 14:40:15.490,-0.015,1.3814679616190517
548,2026-05-26 14:40:16,17.82456733661905,28.8,62.7,20.99,16.37604625,0.319382861883664,16,2026-05-26 14:40:15.560,2026-05-26 14:40:16.500,-0.03,1.4485210866190492
549,2026-05-26 14:40:17,17.881424010739046,28.8,62.9,21.05,16.37275066666667,0.24891610931816976,15,2026-05-26 14:40:16.560,2026-05-26 14:40:17.500,-0.03,1.5086733440723776
550,2026-05-26 14:40:18,17.79613899955905,28.8,62.6,20.97,16.398562666666667,0.22995996671677563,15,2026-05-26 14:40:17.560,2026-05-26 14:40:18.460,-0.01,1.3975763328923847
551,2026-05-26 14:40:19,17.966709021919044,28.8,63.2,21.12,16.430910666666666,0.262527808009161,15,2026-05-26 14:40:18.530,2026-05-26 14:40:19.450,0.01,1.5357983552523784
552,2026-05-26 14:40:20,17.966709021919044,28.8,63.2,21.12,16.54863,0.2595377350084827,16,2026-05-26 14:40:19.520,2026-05-26 14:40:20.500,-0.01,1.418079021919045
553,2026-05-26 14:40:21,17.79613899955905,28.8,62.6,20.97,16.438016,0.2161396440399454,15,2026-05-26 14:40:20.560,2026-05-26 14:40:21.490,-0.025,1.3581229995590505
554,2026-05-26 14:40:22,17.653997314259062,28.8,62.1,20.84,16.34468125,0.224436690668734,16,2026-05-26 14:40:21.570,2026-05-26 14:40:22.500,-0.035,1.309316064259061
555,2026-05-26 14:40:23,17.82456733661905,28.8,62.7,20.99,16.33834866666667,0.2060274918848969,15,2026-05-26 14:40:22.570,2026-05-26 14:40:23.480,-0.025,1.4862186699523825
556,2026-05-26 14:40:24,17.995137358979044,28.8,63.3,21.15,16.52977125,0.19928391324523245,16,2026-05-26 14:40:23.540,2026-05-26 14:40:24.500,-0.02,1.465366108979044
557,2026-05-26 14:40:25,17.881424010739046,28.8,62.9,21.05,16.355912,0.3511795195622889,15,2026-05-26 14:40:24.560,2026-05-26 14:40:25.500,-0.03,1.525512010739046
558,2026-05-26 14:40:26,18.05199403309904,28.8,63.5,21.2,16.467239333333332,0.3101445176380713,15,2026-05-26 14:40:25.570,2026-05-26 14:40:26.460,-0.015,1.584754699765707
559,2026-05-26 14:40:27,18.137279044279037,28.8,63.8,21.28,16.345268666666666,0.3608131432684212,15,2026-05-26 14:40:26.520,2026-05-26 14:40:27.470,0.005,1.792010377612371
560,2026-05-26 14:40:28,18.05199403309904,28.8,63.5,21.2,16.43511375,0.24903446631273096,16,2026-05-26 14:40:27.540,2026-05-26 14:40:28.500,-0.02,1.6168802830990394
561,2026-05-26 14:40:29,17.909852347799045,28.8,63.0,21.07,16.533986666666667,0.2873132034822597,15,2026-05-26 14:40:28.560,2026-05-26 14:40:29.480,-0.02,1.3758656811323782
562,2026-05-26 14:40:30,17.881424010739046,28.8,62.9,21.05,16.461479333333333,0.2838191218381033,15,2026-05-26 14:40:29.550,2026-05-26 14:40:30.460,-0.005,1.419944677405713
563,2026-05-26 14:40:31,17.995137358979044,28.8,63.3,21.15,16.448218666666666,0.20488980755750721,15,2026-05-26 14:40:30.520,2026-05-26 14:40:31.440,0.02,1.5469186923123779
564,2026-05-26 14:40:32,17.995137358979044,28.8,63.3,21.15,16.45925705882353,0.32987473298141307,17,2026-05-26 14:40:31.510,2026-05-26 14:40:32.500,-0.005,1.5358803001555152
565,2026-05-26 14:40:33,17.909852347799045,28.8,63.0,21.07,16.358086666666665,0.4255771956945509,15,2026-05-26 14:40:32.560,2026-05-26 14:40:33.500,-0.03,1.5517656811323803
566,2026-05-26 14:40:34,17.909852347799045,28.8,63.0,21.07,16.394180666666667,0.2848503358774974,15,2026-05-26 14:40:33.570,2026-05-26 14:40:34.480,-0.025,1.5156716811323783
567,2026-05-26 14:40:35,18.05199403309904,28.8,63.5,21.2,16.309765333333335,0.24106668670920145,15,2026-05-26 14:40:34.540,2026-05-26 14:40:35.480,-0.01,1.742228699765704
568,2026-05-26 14:40:36,18.222564055459024,28.8,64.1,21.35,16.515563333333333,0.18770140164887528,15,2026-05-26 14:40:35.540,2026-05-26 14:40:36.450,0.005,1.7070007221256915
569,2026-05-26 14:40:37,17.881424010739046,28.8,62.9,21.05,16.456365333333334,0.29115864975416006,15,2026-05-26 14:40:36.520,2026-05-26 14:40:37.450,0.015,1.425058677405712
570,2026-05-26 14:40:38,18.165707381339033,28.8,63.9,21.3,16.502782,0.12787427308549096,15,2026-05-26 14:40:37.520,2026-05-26 14:40:38.440,0.02,1.6629253813390328
571,2026-05-26 14:40:39,17.995137358979044,28.8,63.3,21.15,16.53735230769231,0.23799593967663382,13,2026-05-26 14:40:38.540,2026-05-26 14:40:39.480,-0.01,1.4577850512867343
572,2026-05-26 14:40:40,17.966709021919044,28.8,63.2,21.12,16.531386,0.24892969388392194,15,2026-05-26 14:40:39.540,2026-05-26 14:40:40.490,-0.015,1.435323021919043
573,2026-05-26 14:40:41,17.995137358979044,28.8,63.3,21.15,16.526142142857143,0.27282681672779946,14,2026-05-26 14:40:40.560,2026-05-26 14:40:41.500,-0.03,1.4689952161219004
574,2026-05-26 14:40:42,18.080422370159038,28.8,63.6,21.23,16.464456,0.27396900676640695,15,2026-05-26 14:40:41.580,2026-05-26 14:40:42.460,-0.02,1.6159663701590397
575,2026-05-26 14:40:43,17.995137358979044,28.8,63.3,21.15,16.518652857142857,0.3168276881700981,14,2026-05-26 14:40:42.530,2026-05-26 14:40:43.440,0.015,1.476484501836186
576,2026-05-26 14:40:44,18.080422370159038,28.8,63.6,21.23,16.456876875,0.26992723596600965,16,2026-05-26 14:40:43.520,2026-05-26 14:40:44.480,0.0,1.6235454951590391
577,2026-05-26 14:40:45,18.05199403309904,28.8,63.5,21.2,16.473404615384617,0.19903287566025296,13,2026-05-26 14:40:44.540,2026-05-26 14:40:45.470,-0.005,1.5785894177144222
578,2026-05-26 14:40:46,18.137279044279037,28.8,63.8,21.28,16.579505384615384,0.2309959295317907,13,2026-05-26 14:40:45.550,2026-05-26 14:40:46.480,-0.015,1.5577736596636527
579,2026-05-26 14:40:47,17.909852347799045,28.8,63.0,21.07,16.415377333333332,0.29490399545485724,15,2026-05-26 14:40:46.550,2026-05-26 14:40:47.500,-0.025,1.4944750144657135
580,2026-05-26 14:40:48,18.25099239251903,28.8,64.2,21.38,16.541052142857144,0.193321561023579,14,2026-05-26 14:40:47.560,2026-05-26 14:40:48.450,-0.005,1.7099402496618872
581,2026-05-26 14:40:49,18.080422370159038,28.8,63.6,21.23,16.283488666666667,0.24334431631704434,15,2026-05-26 14:40:48.520,2026-05-26 14:40:49.460,0.01,1.7969337034923711
582,2026-05-26 14:40:50,18.137279044279037,28.8,63.8,21.28,16.518185,0.2344752435261912,16,2026-05-26 14:40:49.530,2026-05-26 14:40:50.500,-0.015,1.6190940442790378
583,2026-05-26 14:40:51,18.33627740369902,28.8,64.5,21.46,16.409033076923077,0.25028003270951776,13,2026-05-26 14:40:50.580,2026-05-26 14:40:51.500,-0.04,1.927244326775945
584,2026-05-26 14:40:52,18.137279044279037,28.8,63.8,21.28,16.526808,0.17487560702233065,15,2026-05-26 14:40:51.560,2026-05-26 14:40:52.460,-0.01,1.6104710442790378
585,2026-05-26 14:40:53,18.25099239251903,28.8,64.2,21.38,16.45192666666667,0.26833708962174224,15,2026-05-26 14:40:52.520,2026-05-26 14:40:53.470,0.005,1.799065725852362
586,2026-05-26 14:40:54,18.165707381339033,28.8,63.9,21.3,16.4522275,0.24885678656608948,16,2026-05-26 14:40:53.540,2026-05-26 14:40:54.480,-0.01,1.7134798813390333
587,2026-05-26 14:40:55,18.30784906663903,28.8,64.4,21.43,16.350161333333332,0.3571802917468736,15,2026-05-26 14:40:54.540,2026-05-26 14:40:55.490,-0.015,1.957687733305697
588,2026-05-26 14:40:56,18.25099239251903,28.8,64.2,21.38,16.498392666666668,0.33339189587516693,15,2026-05-26 14:40:55.560,2026-05-26 14:40:56.480,-0.02,1.7525997258523631
589,2026-05-26 14:40:57,18.30784906663903,28.8,64.4,21.43,16.491162666666664,0.2653515696329427,15,2026-05-26 14:40:56.540,2026-05-26 14:40:57.480,-0.01,1.8166863999723653
590,2026-05-26 14:40:58,18.05199403309904,28.8,63.5,21.2,16.641746666666666,0.17273764386931972,15,2026-05-26 14:40:57.550,2026-05-26 14:40:58.470,-0.01,1.4102473664323725
591,2026-05-26 14:40:59,18.137279044279037,28.8,63.8,21.28,16.567174666666666,0.27524742180878026,15,2026-05-26 14:40:58.540,2026-05-26 14:40:59.500,-0.02,1.5701043776123704
592,2026-05-26 14:41:00,18.39313407781902,28.8,64.7,21.51,16.57972133333333,0.33203714884389146,15,2026-05-26 14:40:59.570,2026-05-26 14:41:00.500,-0.035,1.8134127444856887
593,2026-05-26 14:41:01,18.25099239251903,28.8,64.2,21.38,16.860713846153846,0.24170984132282997,13,2026-05-26 14:41:00.560,2026-05-26 14:41:01.430,0.005,1.3902785463651846
594,2026-05-26 14:41:02,18.25099239251903,28.8,64.2,21.38,16.689599375,0.24501527885606722,16,2026-05-26 14:41:01.520,2026-05-26 14:41:02.500,-0.01,1.5613930175190305
595,2026-05-26 14:41:03,18.222564055459024,28.8,64.1,21.35,16.83199692307692,0.32539842655798157,13,2026-05-26 14:41:02.570,2026-05-26 14:41:03.470,-0.02,1.3905671323821025
596,2026-05-26 14:41:04,18.39313407781902,28.8,64.7,21.51,16.694755333333333,0.24418359345455756,15,2026-05-26 14:41:03.540,2026-05-26 14:41:04.480,-0.01,1.6983787444856873
597,2026-05-26 14:41:05,18.39313407781902,28.8,64.7,21.51,16.587747142857143,0.27437295449887145,14,2026-05-26 14:41:04.550,2026-05-26 14:41:05.470,-0.01,1.8053869349618772
598,2026-05-26 14:41:06,18.42156241487902,28.8,64.8,21.53,16.623414666666665,0.18103916032042217,15,2026-05-26 14:41:05.540,2026-05-26 14:41:06.480,-0.01,1.7981477482123545
599,2026-05-26 14:41:07,18.30784906663903,28.8,64.4,21.43,16.60500142857143,0.4078680743320577,14,2026-05-26 14:41:06.550,2026-05-26 14:41:07.480,-0.015,1.702847638067599
600,2026-05-26 14:41:08,18.30784906663903,28.8,64.4,21.43,16.594716428571427,0.17944694620318405,14,2026-05-26 14:41:07.550,2026-05-26 14:41:08.450,0.0,1.7131326380676022
601,2026-05-26 14:41:09,18.30784906663903,28.8,64.4,21.43,16.691982142857142,0.18776744012735033,14,2026-05-26 14:41:08.520,2026-05-26 14:41:09.460,0.01,1.615866923781887
602,2026-05-26 14:41:10,18.137279044279037,28.8,63.8,21.28,16.631802,0.20755567174684963,15,2026-05-26 14:41:09.520,2026-05-26 14:41:10.490,-0.005,1.5054770442790364
603,2026-05-26 14:41:11,18.42156241487902,28.8,64.8,21.53,16.540006428571427,0.2692288661688629,14,2026-05-26 14:41:10.560,2026-05-26 14:41:11.470,-0.015,1.8815559863075926
604,2026-05-26 14:41:12,18.222564055459024,28.8,64.1,21.35,16.70154,0.22029973340533546,14,2026-05-26 14:41:11.540,2026-05-26 14:41:12.450,0.005,1.5210240554590229
605,2026-05-26 14:41:13,18.39313407781902,28.8,64.7,21.51,16.648744285714287,0.2847534748545812,14,2026-05-26 14:41:12.520,2026-05-26 14:41:13.470,0.005,1.7443897921047338
606,2026-05-26 14:41:14,18.33627740369902,28.8,64.5,21.46,16.659064285714287,0.23584115018096655,14,2026-05-26 14:41:13.560,2026-05-26 14:41:14.470,-0.015,1.677213117984735
607,2026-05-26 14:41:15,18.25099239251903,28.8,64.2,21.38,16.633158571428574,0.25084633579627474,14,2026-05-26 14:41:14.540,2026-05-26 14:41:15.460,0.0,1.617833821090457
608,2026-05-26 14:41:16,18.47841908899902,28.8,65.0,21.58,16.61795933333333,0.1844161926755679,15,2026-05-26 14:41:15.540,2026-05-26 14:41:16.490,-0.015,1.860459755665687
609,2026-05-26 14:41:17,18.47841908899902,28.8,65.0,21.58,16.639232142857143,0.31395326242509913,14,2026-05-26 14:41:16.560,2026-05-26 14:41:17.500,-0.03,1.8391869461418757
610,2026-05-26 14:41:18,18.33627740369902,28.8,64.5,21.46,16.64144214285714,0.16198937553852952,14,2026-05-26 14:41:17.570,2026-05-26 14:41:18.460,-0.015,1.6948352608418809
611,2026-05-26 14:41:19,18.42156241487902,28.8,64.8,21.53,16.60503642857143,0.24916361589578823,14,2026-05-26 14:41:18.520,2026-05-26 14:41:19.430,0.025,1.8165259863075889
612,2026-05-26 14:41:20,18.50684742605901,28.8,65.1,21.61,16.571358666666665,0.27450296584051337,15,2026-05-26 14:41:19.510,2026-05-26 14:41:20.460,0.015,1.9354887593923458
613,2026-05-26 14:41:21,18.592132437239012,28.8,65.4,21.68,16.623504,0.29136270785005136,15,2026-05-26 14:41:20.520,2026-05-26 14:41:21.500,-0.01,1.968628437239012
614,2026-05-26 14:41:22,18.42156241487902,28.8,64.8,21.53,16.507506,0.2121391016627673,15,2026-05-26 14:41:21.560,2026-05-26 14:41:22.480,-0.02,1.9140564148790205
615,2026-05-26 14:41:23,18.648989111359008,28.8,65.6,21.73,16.651410000000002,0.29151823262678833,14,2026-05-26 14:41:22.560,2026-05-26 14:41:23.480,-0.02,1.9975791113590056
616,2026-05-26 14:41:24,18.30784906663903,28.8,64.4,21.43,16.735040714285713,0.21951702763687325,14,2026-05-26 14:41:23.550,2026-05-26 14:41:24.480,-0.015,1.5728083523533165
617,2026-05-26 14:41:25,18.47841908899902,28.8,65.0,21.58,16.546735714285713,0.28018382322254887,14,2026-05-26 14:41:24.540,2026-05-26 14:41:25.470,-0.005,1.9316833747133053
618,2026-05-26 14:41:26,18.33627740369902,28.8,64.5,21.46,16.65869214285714,0.15970803578735437,14,2026-05-26 14:41:25.540,2026-05-26 14:41:26.450,0.005,1.6775852608418802
619,2026-05-26 14:41:27,18.563704100179013,28.8,65.3,21.66,16.589482,0.3223010097320295,15,2026-05-26 14:41:26.520,2026-05-26 14:41:27.480,0.0,1.9742221001790128
620,2026-05-26 14:41:28,18.648989111359008,28.8,65.6,21.73,16.616402857142855,0.23066256147916975,14,2026-05-26 14:41:27.550,2026-05-26 14:41:28.460,-0.005,2.0325862542161524
621,2026-05-26 14:41:29,18.47841908899902,28.8,65.0,21.58,16.61562,0.25951259521827386,14,2026-05-26 14:41:28.530,2026-05-26 14:41:29.430,0.02,1.8627990889990187
622,2026-05-26 14:41:30,18.734274122539006,28.8,65.9,21.81,16.776695333333333,0.18458583554490102,15,2026-05-26 14:41:29.510,2026-05-26 14:41:30.500,-0.005,1.957578789205673
623,2026-05-26 14:41:31,18.42156241487902,28.8,64.8,21.53,16.619955384615384,0.19475237557881048,13,2026-05-26 14:41:30.570,2026-05-26 14:41:31.440,-0.005,1.8016070302636358
624,2026-05-26 14:41:32,18.592132437239012,28.8,65.4,21.68,16.745432666666666,0.21680558405653527,15,2026-05-26 14:41:31.510,2026-05-26 14:41:32.490,0.0,1.8466997705723465
625,2026-05-26 14:41:33,18.47841908899902,28.8,65.0,21.58,16.639823076923076,0.29939508166146794,13,2026-05-26 14:41:32.560,2026-05-26 14:41:33.470,-0.015,1.8385960120759428
626,2026-05-26 14:41:34,18.563704100179013,28.8,65.3,21.66,16.697770714285713,0.28549634658754447,14,2026-05-26 14:41:33.540,2026-05-26 14:41:34.460,0.0,1.8659333858932996
627,2026-05-26 14:41:35,18.563704100179013,28.8,65.3,21.66,16.67049857142857,0.3803194037173972,14,2026-05-26 14:41:34.530,2026-05-26 14:41:35.440,0.015,1.8932055287504426
628,2026-05-26 14:41:36,18.50684742605901,28.8,65.1,21.61,16.639348,0.3417832534391186,15,2026-05-26 14:41:35.510,2026-05-26 14:41:36.500,-0.005,1.8674994260590125
629,2026-05-26 14:41:37,18.592132437239012,28.8,65.4,21.68,16.72644076923077,0.32304385505845146,13,2026-05-26 14:41:36.570,2026-05-26 14:41:37.430,0.0,1.8656916680082425
630,2026-05-26 14:41:38,18.563704100179013,28.8,65.3,21.66,16.620885333333334,0.24114643470207808,15,2026-05-26 14:41:37.510,2026-05-26 14:41:38.490,0.0,1.9428187668456793
631,2026-05-26 14:41:39,18.677417448419007,28.8,65.7,21.76,16.64215,0.29796994137603294,12,2026-05-26 14:41:38.560,2026-05-26 14:41:39.460,-0.01,2.035267448419006
632,2026-05-26 14:41:40,18.592132437239012,28.8,65.4,21.68,16.591033333333332,0.24625332069134745,12,2026-05-26 14:41:39.590,2026-05-26 14:41:40.480,-0.035,2.0010991039056805
633,2026-05-26 14:41:41,18.648989111359008,28.8,65.6,21.73,16.648452857142857,0.29109249876519006,14,2026-05-26 14:41:40.540,2026-05-26 14:41:41.430,0.015,2.0005362542161507
634,2026-05-26 14:41:42,18.50684742605901,28.8,65.1,21.61,16.759543999999998,0.2126191332540756,15,2026-05-26 14:41:41.520,2026-05-26 14:41:42.500,-0.01,1.7473034260590126
635,2026-05-26 14:41:43,18.563704100179013,28.8,65.3,21.66,16.76486153846154,0.3752858865328817,13,2026-05-26 14:41:42.570,2026-05-26 14:41:43.490,-0.03,1.7988425617174748
636,2026-05-26 14:41:44,18.819559133719,28.8,66.2,21.88,16.763395714285714,0.25119400135887304,14,2026-05-26 14:41:43.560,2026-05-26 14:41:44.480,-0.02,2.056163419433286
637,2026-05-26 14:41:45,18.592132437239012,28.8,65.4,21.68,16.84986153846154,0.23002361805715202,13,2026-05-26 14:41:44.550,2026-05-26 14:41:45.440,0.005,1.7422708987774733
638,2026-05-26 14:41:46,18.648989111359008,28.8,65.6,21.73,16.800801333333332,0.33179459613843487,15,2026-05-26 14:41:45.510,2026-05-26 14:41:46.480,0.005,1.8481877780256752
639,2026-05-26 14:41:47,18.819559133719,28.8,66.2,21.88,16.87472,0.2969348391635645,12,2026-05-26 14:41:46.560,2026-05-26 14:41:47.460,-0.01,1.9448391337190003
640,2026-05-26 14:41:48,18.677417448419007,28.8,65.7,21.76,16.760156923076924,0.20011615033044367,13,2026-05-26 14:41:47.530,2026-05-26 14:41:48.440,0.015,1.9172605253420834
641,2026-05-26 14:41:49,18.762702459599005,28.8,66.0,21.83,16.88527923076923,0.14381480640401992,13,2026-05-26 14:41:48.510,2026-05-26 14:41:49.460,0.015,1.8774232288297767
642,2026-05-26 14:41:50,18.677417448419007,28.8,65.7,21.76,16.72899153846154,0.17066454869353873,13,2026-05-26 14:41:49.530,2026-05-26 14:41:50.450,0.01,1.948425909957468
643,2026-05-26 14:41:51,18.762702459599005,28.8,66.0,21.83,16.758503076923077,0.35638766166878433,13,2026-05-26 14:41:50.530,2026-05-26 14:41:51.480,-0.005,2.004199382675928
644,2026-05-26 14:41:52,18.734274122539006,28.8,65.9,21.81,16.803576923076925,0.19134207223297886,13,2026-05-26 14:41:51.560,2026-05-26 14:41:52.450,-0.005,1.930697199462081
645,2026-05-26 14:41:53,18.734274122539006,28.8,65.9,21.81,16.780922307692308,0.2500404674299024,13,2026-05-26 14:41:52.530,2026-05-26 14:41:53.430,0.02,1.9533518148466982
646,2026-05-26 14:41:54,18.677417448419007,28.8,65.7,21.76,16.791380714285715,0.157540679702067,14,2026-05-26 14:41:53.510,2026-05-26 14:41:54.480,0.005,1.8860367341332918
647,2026-05-26 14:41:55,18.648989111359008,28.8,65.6,21.73,16.68193,0.3037220733115498,13,2026-05-26 14:41:54.540,2026-05-26 14:41:55.480,-0.01,1.9670591113590064
648,2026-05-26 14:41:56,18.734274122539006,28.8,65.9,21.81,16.758107857142857,0.2974302611001975,14,2026-05-26 14:41:55.580,2026-05-26 14:41:56.480,-0.03,1.9761662653961487
649,2026-05-26 14:41:57,18.677417448419007,28.8,65.7,21.76,16.647132857142857,0.23628287982607077,14,2026-05-26 14:41:56.560,2026-05-26 14:41:57.450,-0.005,2.03028459127615
650,2026-05-26 14:41:58,18.592132437239012,28.8,65.4,21.68,16.70834333333333,0.263682898266261,15,2026-05-26 14:41:57.530,2026-05-26 14:41:58.450,0.01,1.8837891039056807
651,2026-05-26 14:41:59,18.762702459599005,28.8,66.0,21.83,16.755573333333334,0.2891261355895594,15,2026-05-26 14:41:58.510,2026-05-26 14:41:59.440,0.025,2.0071291262656707
652,2026-05-26 14:42:00,18.762702459599005,28.8,66.0,21.83,16.81995875,0.3060186582519649,16,2026-05-26 14:41:59.510,2026-05-26 14:42:00.500,-0.005,1.9427437095990037
653,2026-05-26 14:42:01,18.734274122539006,28.8,65.9,21.81,16.787854285714285,0.3177076435901465,14,2026-05-26 14:42:00.570,2026-05-26 14:42:01.450,-0.01,1.9464198368247203
654,2026-05-26 14:42:02,18.819559133719,28.8,66.2,21.88,16.846752666666667,0.38342261913430375,15,2026-05-26 14:42:01.520,2026-05-26 14:42:02.450,0.015,1.972806467052333
655,2026-05-26 14:42:03,18.819559133719,28.8,66.2,21.88,16.707530000000002,0.2410228091755158,15,2026-05-26 14:42:02.520,2026-05-26 14:42:03.460,0.01,2.1120291337189983
656,2026-05-26 14:42:04,18.677417448419007,28.8,65.7,21.76,16.774382,0.3394575375338887,15,2026-05-26 14:42:03.530,2026-05-26 14:42:04.440,0.015,1.9030354484190077
657,2026-05-26 14:42:05,18.819559133719,28.8,66.2,21.88,16.85526533333333,0.3598166722069657,15,2026-05-26 14:42:04.510,2026-05-26 14:42:05.480,0.005,1.9642938003856685
658,2026-05-26 14:42:06,18.648989111359008,28.8,65.6,21.73,16.652859333333332,0.27224957044349424,15,2026-05-26 14:42:05.550,2026-05-26 14:42:06.480,-0.015,1.9961297780256757
659,2026-05-26 14:42:07,18.648989111359008,28.8,65.6,21.73,16.7579,0.32161039120117285,15,2026-05-26 14:42:06.560,2026-05-26 14:42:07.490,-0.025,1.8910891113590083
660,2026-05-26 14:42:08,18.677417448419007,28.8,65.7,21.76,16.677592666666666,0.34342099083999483,15,2026-05-26 14:42:07.560,2026-05-26 14:42:08.500,-0.03,1.9998247817523414
661,2026-05-26 14:42:09,18.648989111359008,28.8,65.6,21.73,16.84935714285714,0.293733645055112,14,2026-05-26 14:42:08.570,2026-05-26 14:42:09.440,-0.005,1.799631968501867
662,2026-05-26 14:42:10,18.990129156078986,28.8,66.8,22.03,16.774129333333335,0.20952926922940718,15,2026-05-26 14:42:09.520,2026-05-26 14:42:10.470,0.005,2.215999822745651
663,2026-05-26 14:42:11,18.734274122539006,28.8,65.9,21.81,16.811218571428572,0.22330335065373855,14,2026-05-26 14:42:10.530,2026-05-26 14:42:11.460,0.005,1.9230555511104335
664,2026-05-26 14:42:12,18.904844144898995,28.8,66.5,21.96,16.704058666666665,0.2707945809720158,15,2026-05-26 14:42:11.530,2026-05-26 14:42:12.470,0.0,2.20078547823233
665,2026-05-26 14:42:13,18.762702459599005,28.8,66.0,21.83,16.87061357142857,0.3731112076251455,14,2026-05-26 14:42:12.540,2026-05-26 14:42:13.440,0.01,1.8920888881704343
666,2026-05-26 14:42:14,18.847987470778993,28.8,66.3,21.91,16.80060466666667,0.3472327024770617,15,2026-05-26 14:42:13.510,2026-05-26 14:42:14.460,0.015,2.047382804112324
667,2026-05-26 14:42:15,18.47841908899902,28.8,65.0,21.58,16.592434285714287,0.1836417090932267,14,2026-05-26 14:42:14.530,2026-05-26 14:42:15.450,0.01,1.8859848032847317
668,2026-05-26 14:42:16,18.847987470778993,28.8,66.3,21.91,16.860698666666668,0.24602770581108677,15,2026-05-26 14:42:15.520,2026-05-26 14:42:16.480,0.0,1.9872888041123247
669,2026-05-26 14:42:17,18.762702459599005,28.8,66.0,21.83,16.923154,0.30479400987271027,15,2026-05-26 14:42:16.560,2026-05-26 14:42:17.500,-0.03,1.8395484595990048
670,2026-05-26 14:42:18,18.847987470778993,28.8,66.3,21.91,16.963172857142858,0.31327267263835495,14,2026-05-26 14:42:17.570,2026-05-26 14:42:18.490,-0.03,1.8848146136361343
671,2026-05-26 14:42:19,18.819559133719,28.8,66.2,21.88,16.836830714285714,0.2980534618916618,14,2026-05-26 14:42:18.560,2026-05-26 14:42:19.470,-0.015,1.9827284194332861
672,2026-05-26 14:42:20,18.762702459599005,28.8,66.0,21.83,16.918343333333333,0.29989686557373785,15,2026-05-26 14:42:19.540,2026-05-26 14:42:20.480,-0.01,1.8443591262656724
673,2026-05-26 14:42:21,18.93327248195899,28.8,66.6,21.98,16.811308571428572,0.225271863682602,14,2026-05-26 14:42:20.550,2026-05-26 14:42:21.470,-0.01,2.121963910530418
674,2026-05-26 14:42:22,18.734274122539006,28.8,65.9,21.81,16.902218,0.22084181786324458,15,2026-05-26 14:42:21.530,2026-05-26 14:42:22.480,-0.005,1.8320561225390044
675,2026-05-26 14:42:23,18.648989111359008,28.8,65.6,21.73,16.936795,0.26429979160473765,14,2026-05-26 14:42:22.540,2026-05-26 14:42:23.450,0.005,1.7121941113590076
676,2026-05-26 14:42:24,18.847987470778993,28.8,66.3,21.91,16.892395333333333,0.3174533655260394,15,2026-05-26 14:42:23.520,2026-05-26 14:42:24.490,-0.005,1.9555921374456595
677,2026-05-26 14:42:25,18.93327248195899,28.8,66.6,21.98,16.88025230769231,0.28238898751408564,13,2026-05-26 14:42:24.570,2026-05-26 14:42:25.470,-0.02,2.053020174266681
678,2026-05-26 14:42:26,18.990129156078986,28.8,66.8,22.03,16.851783333333334,0.2734570547549248,15,2026-05-26 14:42:25.550,2026-05-26 14:42:26.460,-0.005,2.138345822745652
679,2026-05-26 14:42:27,19.01855749313899,28.8,66.9,22.05,16.80649181818182,0.24571061775259873,11,2026-05-26 14:42:26.530,2026-05-26 14:42:27.440,0.015,2.21206567495717
680,2026-05-26 14:42:28,18.847987470778993,28.8,66.3,21.91,16.835817333333335,0.1513592700670759,15,2026-05-26 14:42:27.510,2026-05-26 14:42:28.460,0.015,2.0121701374456578
681,2026-05-26 14:42:29,18.734274122539006,28.8,65.9,21.81,16.900232857142857,0.24043989175063007,14,2026-05-26 14:42:28.540,2026-05-26 14:42:29.490,-0.015,1.8340412653961486
682,2026-05-26 14:42:30,18.904844144898995,28.8,66.5,21.96,16.850689333333335,0.294225150388189,15,2026-05-26 14:42:29.570,2026-05-26 14:42:30.500,-0.035,2.0541548115656596
683,2026-05-26 14:42:31,18.847987470778993,28.8,66.3,21.91,16.883449285714285,0.28413149738658416,14,2026-05-26 14:42:30.580,2026-05-26 14:42:31.500,-0.04,1.9645381850647077
684,2026-05-26 14:42:32,18.734274122539006,28.8,65.9,21.81,16.902159230769232,0.27304804239857045,13,2026-05-26 14:42:31.570,2026-05-26 14:42:32.480,-0.025,1.8321148917697734
685,2026-05-26 14:42:33,18.819559133719,28.8,66.2,21.88,16.880383571428574,0.29231866135875006,14,2026-05-26 14:42:32.570,2026-05-26 14:42:33.480,-0.025,1.9391755622904263
686,2026-05-26 14:42:34,18.734274122539006,28.8,65.9,21.81,16.925795333333333,0.20741658856605694,15,2026-05-26 14:42:33.550,2026-05-26 14:42:34.490,-0.02,1.8084787892056724
687,2026-05-26 14:42:35,18.990129156078986,28.8,66.8,22.03,16.880842142857144,0.3370593902969668,14,2026-05-26 14:42:34.560,2026-05-26 14:42:35.480,-0.02,2.1092870132218415
688,2026-05-26 14:42:36,18.762702459599005,28.8,66.0,21.83,17.091942,0.24438402648875632,15,2026-05-26 14:42:35.550,2026-05-26 14:42:36.480,-0.015,1.6707604595990055
689,2026-05-26 14:42:37,18.904844144898995,28.8,66.5,21.96,16.992138571428573,0.21933110116046833,14,2026-05-26 14:42:36.550,2026-05-26 14:42:37.450,0.0,1.9127055734704221
690,2026-05-26 14:42:38,18.847987470778993,28.8,66.3,21.91,16.969189333333333,0.2519960770235089,15,2026-05-26 14:42:37.550,2026-05-26 14:42:38.480,-0.015,1.87879813744566
691,2026-05-26 14:42:39,18.93327248195899,28.8,66.6,21.98,17.06887076923077,0.23689529654334512,13,2026-05-26 14:42:38.550,2026-05-26 14:42:39.440,0.005,1.8644017127282204
692,2026-05-26 14:42:40,18.990129156078986,28.8,66.8,22.03,16.928584666666666,0.27767313219134715,15,2026-05-26 14:42:39.510,2026-05-26 14:42:40.490,0.0,2.06154448941232
693,2026-05-26 14:42:41,19.075414167258984,28.8,67.1,22.1,17.031455384615384,0.32325765463005407,13,2026-05-26 14:42:40.570,2026-05-26 14:42:41.500,-0.035,2.0439587826435996
694,2026-05-26 14:42:42,19.075414167258984,28.8,67.1,22.1,16.94449714285714,0.21988144614869054,14,2026-05-26 14:42:41.560,2026-05-26 14:42:42.440,0.0,2.1309170244018425
695,2026-05-26 14:42:43,18.819559133719,28.8,66.2,21.88,16.87684666666667,0.26400108905799885,15,2026-05-26 14:42:42.510,2026-05-26 14:42:43.490,0.0,1.9427124670523312
696,2026-05-26 14:42:44,18.904844144898995,28.8,66.5,21.96,16.812019333333332,0.21260422507784824,15,2026-05-26 14:42:43.570,2026-05-26 14:42:44.500,-0.035,2.092824811565663
697,2026-05-26 14:42:45,18.904844144898995,28.8,66.5,21.96,16.917392857142858,0.2485875717677022,14,2026-05-26 14:42:44.570,2026-05-26 14:42:45.490,-0.03,1.9874512877561372
698,2026-05-26 14:42:46,18.93327248195899,28.8,66.6,21.98,16.829262,0.2671751384178004,15,2026-05-26 14:42:45.570,2026-05-26 14:42:46.490,-0.03,2.1040104819589907
699,2026-05-26 14:42:47,18.990129156078986,28.8,66.8,22.03,16.973946923076923,0.3261925356898035,13,2026-05-26 14:42:46.570,2026-05-26 14:42:47.460,-0.015,2.0161822330020627
700,2026-05-26 14:42:48,18.990129156078986,28.8,66.8,22.03,17.081912,0.23209227986791334,15,2026-05-26 14:42:47.530,2026-05-26 14:42:48.460,0.005,1.9082171560789867
701,2026-05-26 14:42:49,19.01855749313899,28.8,66.9,22.05,16.806730666666667,0.2050849892628724,15,2026-05-26 14:42:48.530,2026-05-26 14:42:49.500,-0.015,2.211826826472322
702,2026-05-26 14:42:50,19.01855749313899,28.8,66.9,22.05,16.85656142857143,0.28894800346341637,14,2026-05-26 14:42:49.570,2026-05-26 14:42:50.490,-0.03,2.1619960645675604
703,2026-05-26 14:42:51,18.93327248195899,28.8,66.6,21.98,17.026544615384616,0.24971909490516792,13,2026-05-26 14:42:50.570,2026-05-26 14:42:51.480,-0.025,1.906727866574375
704,2026-05-26 14:42:52,18.819559133719,28.8,66.2,21.88,16.971812857142858,0.23589877964364847,14,2026-05-26 14:42:51.560,2026-05-26 14:42:52.440,0.0,1.8477462765761423
705,2026-05-26 14:42:53,18.904844144898995,28.8,66.5,21.96,17.04899923076923,0.3152622817185059,13,2026-05-26 14:42:52.510,2026-05-26 14:42:53.460,0.015,1.855844914129765
706,2026-05-26 14:42:54,18.93327248195899,28.8,66.6,21.98,17.082225714285716,0.17310990002860102,14,2026-05-26 14:42:53.540,2026-05-26 14:42:54.460,0.0,1.8510467676732745
707,2026-05-26 14:42:55,19.01855749313899,28.8,66.9,22.05,16.951249285714287,0.2668386728246778,14,2026-05-26 14:42:54.520,2026-05-26 14:42:55.480,0.0,2.067308207424702
708,2026-05-26 14:42:56,18.990129156078986,28.8,66.8,22.03,17.049272142857145,0.31340461643496464,14,2026-05-26 14:42:55.560,2026-05-26 14:42:56.440,0.0,1.9408570132218408
709,2026-05-26 14:42:57,19.01855749313899,28.8,66.9,22.05,16.960163333333334,0.3590090656767542,15,2026-05-26 14:42:56.510,2026-05-26 14:42:57.480,0.005,2.0583941598056548
710,2026-05-26 14:42:58,18.904844144898995,28.8,66.5,21.96,16.926826428571427,0.2801846461945892,14,2026-05-26 14:42:57.550,2026-05-26 14:42:58.470,-0.01,1.9780177163275674
711,2026-05-26 14:42:59,19.103842504318983,28.8,67.2,22.13,16.886956666666666,0.1865008698434968,15,2026-05-26 14:42:58.540,2026-05-26 14:42:59.480,-0.01,2.216885837652317
712,2026-05-26 14:43:00,19.01855749313899,28.8,66.9,22.05,16.928639999999998,0.24934284833194145,15,2026-05-26 14:42:59.560,2026-05-26 14:43:00.480,-0.02,2.089917493138991
713,2026-05-26 14:43:01,18.93327248195899,28.8,66.6,21.98,16.893797857142857,0.2522811469275001,14,2026-05-26 14:43:00.550,2026-05-26 14:43:01.440,0.005,2.0394746248161333
714,2026-05-26 14:43:02,18.904844144898995,28.8,66.5,21.96,17.06150625,0.22911751281456788,16,2026-05-26 14:43:01.510,2026-05-26 14:43:02.480,0.005,1.843337894898994
715,2026-05-26 14:43:03,19.103842504318983,28.8,67.2,22.13,16.915530714285715,0.2228405483908683,14,2026-05-26 14:43:02.550,2026-05-26 14:43:03.480,-0.015,2.188311790033268
716,2026-05-26 14:43:04,18.990129156078986,28.8,66.8,22.03,17.05287857142857,0.17740190077279908,14,2026-05-26 14:43:03.560,2026-05-26 14:43:04.480,-0.02,1.937250584650414
717,2026-05-26 14:43:05,18.904844144898995,28.8,66.5,21.96,16.947508,0.2738547416371367,15,2026-05-26 14:43:04.550,2026-05-26 14:43:05.500,-0.025,1.9573361448989957
718,2026-05-26 14:43:06,18.990129156078986,28.8,66.8,22.03,16.877570714285714,0.18727737431472996,14,2026-05-26 14:43:05.570,2026-05-26 14:43:06.440,-0.005,2.112558441793272
719,2026-05-26 14:43:07,19.01855749313899,28.8,66.9,22.05,16.875330666666667,0.3087880480307914,15,2026-05-26 14:43:06.510,2026-05-26 14:43:07.450,0.02,2.143226826472322
720,2026-05-26 14:43:08,19.075414167258984,28.8,67.1,22.1,16.98808066666667,0.2223398671746437,15,2026-05-26 14:43:07.540,2026-05-26 14:43:08.470,-0.005,2.0873335005923153
721,2026-05-26 14:43:09,19.160699178438982,28.8,67.4,22.18,16.864468666666667,0.2533641384271902,15,2026-05-26 14:43:08.540,2026-05-26 14:43:09.480,-0.01,2.2962305117723147
722,2026-05-26 14:43:10,19.01855749313899,28.8,66.9,22.05,16.871841333333332,0.21878577336441865,15,2026-05-26 14:43:09.540,2026-05-26 14:43:10.490,-0.015,2.1467161598056563
723,2026-05-26 14:43:11,19.103842504318983,28.8,67.2,22.13,16.843127857142857,0.224507687762103,14,2026-05-26 14:43:10.560,2026-05-26 14:43:11.440,0.0,2.260714647176126
724,2026-05-26 14:43:12,19.103842504318983,28.8,67.2,22.13,16.960015000000002,0.2718183714216314,14,2026-05-26 14:43:11.510,2026-05-26 14:43:12.460,0.015,2.143827504318981
725,2026-05-26 14:43:13,19.160699178438982,28.8,67.4,22.18,16.590747857142855,0.2616299664140628,14,2026-05-26 14:43:12.530,2026-05-26 14:43:13.450,0.01,2.569951321296127
726,2026-05-26 14:43:14,19.075414167258984,28.8,67.1,22.1,16.920248666666666,0.2695653520515316,15,2026-05-26 14:43:13.530,2026-05-26 14:43:14.490,-0.01,2.155165500592318
727,2026-05-26 14:43:15,19.18912751549898,28.8,67.5,22.2,16.72803642857143,0.2562243726354258,14,2026-05-26 14:43:14.550,2026-05-26 14:43:15.470,-0.01,2.461091086927553
728,2026-05-26 14:43:16,18.990129156078986,28.8,66.8,22.03,16.820362,0.2573749660431533,15,2026-05-26 14:43:15.550,2026-05-26 14:43:16.460,-0.005,2.1697671560789864
729,2026-05-26 14:43:17,18.990129156078986,28.8,66.8,22.03,16.819519285714286,0.2757737770895191,14,2026-05-26 14:43:16.540,2026-05-26 14:43:17.450,0.005,2.1706098703647
730,2026-05-26 14:43:18,19.075414167258984,28.8,67.1,22.1,16.907994,0.26594352396702514,15,2026-05-26 14:43:17.520,2026-05-26 14:43:18.500,-0.01,2.1674201672589852
731,2026-05-26 14:43:19,19.18912751549898,28.8,67.5,22.2,16.898065,0.23298020172571315,14,2026-05-26 14:43:18.580,2026-05-26 14:43:19.500,-0.04,2.2910625154989823
732,2026-05-26 14:43:20,19.103842504318983,28.8,67.2,22.13,16.72264642857143,0.271222218445634,14,2026-05-26 14:43:19.570,2026-05-26 14:43:20.480,-0.025,2.381196075747553
733,2026-05-26 14:43:21,19.075414167258984,28.8,67.1,22.1,16.811290714285715,0.2570806766057417,14,2026-05-26 14:43:20.540,2026-05-26 14:43:21.440,0.01,2.2641234529732692
734,2026-05-26 14:43:22,19.103842504318983,28.8,67.2,22.13,16.901016000000002,0.26008517637222484,15,2026-05-26 14:43:21.510,2026-05-26 14:43:22.450,0.02,2.202826504318981
735,2026-05-26 14:43:23,19.075414167258984,28.8,67.1,22.1,16.851020666666667,0.23767059808142244,15,2026-05-26 14:43:22.520,2026-05-26 14:43:23.450,0.015,2.224393500592317
736,2026-05-26 14:43:24,18.847987470778993,28.8,66.3,21.91,16.959874,0.3160087425056473,15,2026-05-26 14:43:23.510,2026-05-26 14:43:24.460,0.015,1.8881134707789933
737,2026-05-26 14:43:25,19.160699178438982,28.8,67.4,22.18,16.942525714285715,0.23166075992259041,14,2026-05-26 14:43:24.520,2026-05-26 14:43:25.450,0.015,2.218173464153267
738,2026-05-26 14:43:26,19.160699178438982,28.8,67.4,22.18,16.895932,0.33257853861263215,15,2026-05-26 14:43:25.530,2026-05-26 14:43:26.490,-0.01,2.2647671784389836
739,2026-05-26 14:43:27,19.103842504318983,28.8,67.2,22.13,16.88882153846154,0.28343731652242976,13,2026-05-26 14:43:26.560,2026-05-26 14:43:27.470,-0.015,2.2150209658574447
740,2026-05-26 14:43:28,19.01855749313899,28.8,66.9,22.05,17.000532307692307,0.2680212844829631,13,2026-05-26 14:43:27.560,2026-05-26 14:43:28.470,-0.015,2.0180251854466817
741,2026-05-26 14:43:29,19.103842504318983,28.8,67.2,22.13,16.835265,0.21189410529246006,14,2026-05-26 14:43:28.530,2026-05-26 14:43:29.450,0.01,2.2685775043189835
742,2026-05-26 14:43:30,19.01855749313899,28.8,66.9,22.05,16.854237333333334,0.2616886435514724,15,2026-05-26 14:43:29.510,2026-05-26 14:43:30.470,0.01,2.164320159805655
743,2026-05-26 14:43:31,19.18912751549898,28.8,67.5,22.2,16.838565714285714,0.20867110572581737,14,2026-05-26 14:43:30.530,2026-05-26 14:43:31.470,0.0,2.350561801213267
744,2026-05-26 14:43:32,19.103842504318983,28.8,67.2,22.13,16.677486666666667,0.24489279370680525,15,2026-05-26 14:43:31.530,2026-05-26 14:43:32.470,0.0,2.4263558376523164
745,2026-05-26 14:43:33,19.18912751549898,28.8,67.5,22.2,16.80829076923077,0.1661636944632975,13,2026-05-26 14:43:32.530,2026-05-26 14:43:33.420,0.025,2.380836746268212
746,2026-05-26 14:43:34,19.01855749313899,28.8,66.9,22.05,16.81878933333333,0.20310952578303565,15,2026-05-26 14:43:33.510,2026-05-26 14:43:34.440,0.025,2.1997681598056573
747,2026-05-26 14:43:35,19.103842504318983,28.8,67.2,22.13,16.891139285714285,0.20944618631283132,14,2026-05-26 14:43:34.510,2026-05-26 14:43:35.440,0.025,2.212703218604698
748,2026-05-26 14:43:36,19.245984189618977,28.8,67.7,22.25,16.82253,0.1843937310679048,15,2026-05-26 14:43:35.510,2026-05-26 14:43:36.460,0.015,2.423454189618976
749,2026-05-26 14:43:37,19.33126920079897,28.8,68.0,22.32,16.64572642857143,0.30786151998303296,14,2026-05-26 14:43:36.530,2026-05-26 14:43:37.450,0.01,2.6855427722275422
750,2026-05-26 14:43:38,19.160699178438982,28.8,67.4,22.18,16.667814,0.34411748695135275,15,2026-05-26 14:43:37.520,2026-05-26 14:43:38.440,0.02,2.492885178438982
751,2026-05-26 14:43:39,19.18912751549898,28.8,67.5,22.2,16.72162714285714,0.277226669530369,14,2026-05-26 14:43:38.520,2026-05-26 14:43:39.450,0.015,2.4675003726418403
752,2026-05-26 14:43:40,19.075414167258984,28.8,67.1,22.1,16.69990333333333,0.2723037788591126,15,2026-05-26 14:43:39.540,2026-05-26 14:43:40.490,-0.015,2.3755108339256523
753,2026-05-26 14:43:41,19.075414167258984,28.8,67.1,22.1,16.671675714285715,0.3068382756365385,14,2026-05-26 14:43:40.560,2026-05-26 14:43:41.470,-0.015,2.4037384529732684
754,2026-05-26 14:43:42,18.592132437239012,28.8,65.4,21.68,16.770933333333332,0.31726461170148634,15,2026-05-26 14:43:41.550,2026-05-26 14:43:42.500,-0.025,1.8211991039056805
755,2026-05-26 14:43:43,19.18912751549898,28.8,67.5,22.2,16.685379285714284,0.2159815361931976,14,2026-05-26 14:43:42.570,2026-05-26 14:43:43.500,-0.035,2.503748229784698
756,2026-05-26 14:43:44,19.160699178438982,28.8,67.4,22.18,16.77458214285714,0.22819900691412637,14,2026-05-26 14:43:43.580,2026-05-26 14:43:44.500,-0.04,2.38611703558184
757,2026-05-26 14:43:45,19.075414167258984,28.8,67.1,22.1,16.704951666666666,0.23000188302918317,12,2026-05-26 14:43:44.570,2026-05-26 14:43:45.430,0.0,2.3704625005923177
758,2026-05-26 14:43:46,19.01855749313899,28.8,66.9,22.05,16.815764666666666,0.2165293600965231,15,2026-05-26 14:43:45.520,2026-05-26 14:43:46.500,-0.01,2.202792826472322
759,2026-05-26 14:43:47,19.18912751549898,28.8,67.5,22.2,16.728961538461537,0.2495574867255413,13,2026-05-26 14:43:46.560,2026-05-26 14:43:47.460,-0.01,2.4601659770374447
760,2026-05-26 14:43:48,19.50183922315896,28.8,68.6,22.47,16.717535714285713,0.19726974884910534,14,2026-05-26 14:43:47.540,2026-05-26 14:43:48.440,0.01,2.784303508873247
761,2026-05-26 14:43:49,18.990129156078986,28.8,66.8,22.03,16.783331333333333,0.26772092105310746,15,2026-05-26 14:43:48.520,2026-05-26 14:43:49.500,-0.01,2.206797822745653
762,2026-05-26 14:43:50,19.359697537858967,28.8,68.1,22.35,16.81495846153846,0.27194673448569995,13,2026-05-26 14:43:49.560,2026-05-26 14:43:50.470,-0.015,2.544739076320507
763,2026-05-26 14:43:51,19.160699178438982,28.8,67.4,22.18,16.709025714285712,0.28305583737582174,14,2026-05-26 14:43:50.550,2026-05-26 14:43:51.450,0.0,2.45167346415327
764,2026-05-26 14:43:52,19.103842504318983,28.8,67.2,22.13,16.841168125,0.2005078051753842,16,2026-05-26 14:43:51.520,2026-05-26 14:43:52.490,-0.005,2.262674379318984
765,2026-05-26 14:43:53,19.615552571398954,28.8,69.0,22.56,16.69348357142857,0.2810147730200228,14,2026-05-26 14:43:52.560,2026-05-26 14:43:53.450,-0.005,2.922068999970385
766,2026-05-26 14:43:54,19.103842504318983,28.8,67.2,22.13,16.661204285714284,0.2891650772007696,14,2026-05-26 14:43:53.520,2026-05-26 14:43:54.500,-0.01,2.4426382186046993
767,2026-05-26 14:43:55,19.245984189618977,28.8,67.7,22.25,16.598290714285714,0.26304235656183605,14,2026-05-26 14:43:54.570,2026-05-26 14:43:55.460,-0.015,2.647693475333263
768,2026-05-26 14:43:56,19.160699178438982,28.8,67.4,22.18,16.631846666666668,0.27685340116764906,15,2026-05-26 14:43:55.530,2026-05-26 14:43:56.460,0.005,2.528852511772314
769,2026-05-26 14:43:57,19.075414167258984,28.8,67.1,22.1,16.550096153846155,0.2865572031764471,13,2026-05-26 14:43:56.530,2026-05-26 14:43:57.430,0.02,2.5253180134128286
770,2026-05-26 14:43:58,18.990129156078986,28.8,66.8,22.03,16.574785333333335,0.260739267519617,15,2026-05-26 14:43:57.510,2026-05-26 14:43:58.460,0.015,2.415343822745651
771,2026-05-26 14:43:59,19.01855749313899,28.8,66.9,22.05,16.487101333333335,0.1890016684683219,15,2026-05-26 14:43:58.520,2026-05-26 14:43:59.500,-0.01,2.5314561598056535
772,2026-05-26 14:44:00,19.245984189618977,28.8,67.7,22.25,16.519243333333335,0.22309837630409615,15,2026-05-26 14:43:59.570,2026-05-26 14:44:00.500,-0.035,2.726740856285641
773,2026-05-26 14:44:01,19.245984189618977,28.8,67.7,22.25,16.56572,0.30655768612624446,14,2026-05-26 14:44:00.570,2026-05-26 14:44:01.480,-0.025,2.6802641896189776
774,2026-05-26 14:44:02,19.245984189618977,28.8,67.7,22.25,16.421621428571427,0.1833433826230121,14,2026-05-26 14:44:01.550,2026-05-26 14:44:02.440,0.005,2.8243627610475492
775,2026-05-26 14:44:03,19.075414167258984,28.8,67.1,22.1,16.489359333333333,0.2417108062619657,15,2026-05-26 14:44:02.510,2026-05-26 14:44:03.490,0.0,2.586054833925651
776,2026-05-26 14:44:04,19.274412526678972,28.8,67.8,22.27,16.27341642857143,0.3379406269793359,14,2026-05-26 14:44:03.570,2026-05-26 14:44:04.450,-0.01,3.0009960981075423
777,2026-05-26 14:44:05,18.847987470778993,28.8,66.3,21.91,16.37965357142857,0.32308536922822756,14,2026-05-26 14:44:04.510,2026-05-26 14:44:05.440,0.025,2.468333899350423
778,2026-05-26 14:44:06,19.274412526678972,28.8,67.8,22.27,16.510816,0.304687467996775,15,2026-05-26 14:44:05.510,2026-05-26 14:44:06.460,0.015,2.763596526678974
779,2026-05-26 14:44:07,19.075414167258984,28.8,67.1,22.1,16.460013571428572,0.3708049477017666,14,2026-05-26 14:44:06.520,2026-05-26 14:44:07.450,0.015,2.615400595830412
780,2026-05-26 14:44:08,19.075414167258984,28.8,67.1,22.1,16.53152066666667,0.23316526090389322,15,2026-05-26 14:44:07.520,2026-05-26 14:44:08.470,0.005,2.543893500592315
781,2026-05-26 14:44:09,19.160699178438982,28.8,67.4,22.18,16.551215000000003,0.2987605476412887,14,2026-05-26 14:44:08.530,2026-05-26 14:44:09.460,0.005,2.6094841784389793
782,2026-05-26 14:44:10,18.93327248195899,28.8,66.6,21.98,16.355457333333334,0.29705101640883796,15,2026-05-26 14:44:09.530,2026-05-26 14:44:10.490,-0.01,2.577815148625657
783,2026-05-26 14:44:11,19.245984189618977,28.8,67.7,22.25,16.48387214285714,0.2935568151319931,14,2026-05-26 14:44:10.560,2026-05-26 14:44:11.470,-0.015,2.7621120467618354
784,2026-05-26 14:44:12,19.245984189618977,28.8,67.7,22.25,16.3986,0.3067224699021206,15,2026-05-26 14:44:11.550,2026-05-26 14:44:12.480,-0.015,2.847384189618978
785,2026-05-26 14:44:13,19.359697537858967,28.8,68.1,22.35,16.383534285714287,0.2957551777481433,14,2026-05-26 14:44:12.550,2026-05-26 14:44:13.470,-0.01,2.97616325214468
786,2026-05-26 14:44:14,19.359697537858967,28.8,68.1,22.35,16.345200666666667,0.269780060458427,15,2026-05-26 14:44:13.550,2026-05-26 14:44:14.490,-0.02,3.0144968711923
787,2026-05-26 14:44:15,18.990129156078986,28.8,66.8,22.03,16.383766923076923,0.26876496979655523,13,2026-05-26 14:44:14.580,2026-05-26 14:44:15.430,-0.005,2.606362233002063
788,2026-05-26 14:44:16,19.103842504318983,28.8,67.2,22.13,16.384295333333334,0.25809142850843325,15,2026-05-26 14:44:15.510,2026-05-26 14:44:16.500,-0.005,2.719547170985649
789,2026-05-26 14:44:17,19.103842504318983,28.8,67.2,22.13,16.361394999999998,0.23892785965481442,14,2026-05-26 14:44:16.570,2026-05-26 14:44:17.490,-0.03,2.742447504318985
790,2026-05-26 14:44:18,19.18912751549898,28.8,67.5,22.2,16.294820714285713,0.280233779341581,14,2026-05-26 14:44:17.580,2026-05-26 14:44:18.480,-0.03,2.8943068012132684
791,2026-05-26 14:44:19,19.18912751549898,28.8,67.5,22.2,16.348358333333334,0.20843146773561871,12,2026-05-26 14:44:18.550,2026-05-26 14:44:19.440,0.005,2.8407691821656478
792,2026-05-26 14:44:20,19.075414167258984,28.8,67.1,22.1,16.456855333333333,0.25781398795218613,15,2026-05-26 14:44:19.510,2026-05-26 14:44:20.490,0.0,2.6185588339256505
793,2026-05-26 14:44:21,19.103842504318983,28.8,67.2,22.13,16.468296153846154,0.18168188184931272,13,2026-05-26 14:44:20.560,2026-05-26 14:44:21.440,0.0,2.635546350472829
794,2026-05-26 14:44:22,19.18912751549898,28.8,67.5,22.2,16.334025333333333,0.24344232029863028,15,2026-05-26 14:44:21.510,2026-05-26 14:44:22.500,-0.005,2.8551021821656484
795,2026-05-26 14:44:23,19.01855749313899,28.8,66.9,22.05,16.34928153846154,0.21491643162115048,13,2026-05-26 14:44:22.590,2026-05-26 14:44:23.450,-0.02,2.669275954677449
796,2026-05-26 14:44:24,19.075414167258984,28.8,67.1,22.1,16.268386,0.2946405786911041,15,2026-05-26 14:44:23.520,2026-05-26 14:44:24.480,0.0,2.8070281672589843
797,2026-05-26 14:44:25,19.103842504318983,28.8,67.2,22.13,16.298313571428572,0.20820483706814158,14,2026-05-26 14:44:24.540,2026-05-26 14:44:25.490,-0.015,2.805528932890411
798,2026-05-26 14:44:26,19.245984189618977,28.8,67.7,22.25,16.245352,0.24030387459571703,15,2026-05-26 14:44:25.560,2026-05-26 14:44:26.490,-0.025,3.000632189618976
799,2026-05-26 14:44:27,19.160699178438982,28.8,67.4,22.18,16.329602857142856,0.30894382293496453,14,2026-05-26 14:44:26.560,2026-05-26 14:44:27.470,-0.015,2.831096321296126
800,2026-05-26 14:44:28,19.01855749313899,28.8,66.9,22.05,16.285398666666666,0.23048093128024635,15,2026-05-26 14:44:27.540,2026-05-26 14:44:28.490,-0.015,2.733158826472323
801,2026-05-26 14:44:29,19.075414167258984,28.8,67.1,22.1,16.13008307692308,0.31759601420632283,13,2026-05-26 14:44:28.570,2026-05-26 14:44:29.450,-0.01,2.9453310903359053
802,2026-05-26 14:44:30,18.904844144898995,28.8,66.5,21.96,16.239698666666666,0.27446655538820547,15,2026-05-26 14:44:29.510,2026-05-26 14:44:30.480,0.005,2.665145478232329
803,2026-05-26 14:44:31,19.160699178438982,28.8,67.4,22.18,16.353142857142856,0.3238076789945295,14,2026-05-26 14:44:30.570,2026-05-26 14:44:31.500,-0.035,2.8075563212961256
804,2026-05-26 14:44:32,19.075414167258984,28.8,67.1,22.1,16.31335076923077,0.28695874492864937,13,2026-05-26 14:44:31.560,2026-05-26 14:44:32.470,-0.015,2.7620633980282143
805,2026-05-26 14:44:33,19.075414167258984,28.8,67.1,22.1,16.255303846153847,0.212289882296923,13,2026-05-26 14:44:32.590,2026-05-26 14:44:33.470,-0.03,2.820110321105137
806,2026-05-26 14:44:34,19.245984189618977,28.8,67.7,22.25,16.215380714285715,0.21141570389471204,14,2026-05-26 14:44:33.560,2026-05-26 14:44:34.460,-0.01,3.030603475333262
807,2026-05-26 14:44:35,18.648989111359008,28.8,65.6,21.73,16.193784615384615,0.16502902747776288,13,2026-05-26 14:44:34.520,2026-05-26 14:44:35.430,0.025,2.4552044959743924
808,2026-05-26 14:44:36,19.33126920079897,28.8,68.0,22.32,16.293157333333333,0.2247093193269502,15,2026-05-26 14:44:35.510,2026-05-26 14:44:36.470,0.01,3.0381118674656378
809,2026-05-26 14:44:37,19.103842504318983,28.8,67.2,22.13,16.191745714285712,0.25404860787816874,14,2026-05-26 14:44:36.540,2026-05-26 14:44:37.470,-0.005,2.912096790033271
810,2026-05-26 14:44:38,18.847987470778993,28.8,66.3,21.91,16.29257,0.22984806901683782,14,2026-05-26 14:44:37.550,2026-05-26 14:44:38.470,-0.01,2.555417470778991
811,2026-05-26 14:44:39,18.93327248195899,28.8,66.6,21.98,16.226235,0.24796865244654262,14,2026-05-26 14:44:38.550,2026-05-26 14:44:39.460,-0.005,2.7070374819589915
812,2026-05-26 14:44:40,18.990129156078986,28.8,66.8,22.03,16.191986666666665,0.30735499458319954,15,2026-05-26 14:44:39.530,2026-05-26 14:44:40.490,-0.01,2.798142489412321
813,2026-05-26 14:44:41,19.075414167258984,28.8,67.1,22.1,16.030691428571426,0.35063253835268643,14,2026-05-26 14:44:40.560,2026-05-26 14:44:41.470,-0.015,3.0447227386875575
814,2026-05-26 14:44:42,19.075414167258984,28.8,67.1,22.1,16.13951642857143,0.19173234519495153,14,2026-05-26 14:44:41.550,2026-05-26 14:44:42.470,-0.01,2.9358977386875544
815,2026-05-26 14:44:43,19.01855749313899,28.8,66.9,22.05,16.100619285714284,0.3267982291041438,14,2026-05-26 14:44:42.560,2026-05-26 14:44:43.470,-0.015,2.9179382074247044
816,2026-05-26 14:44:44,18.93327248195899,28.8,66.6,21.98,16.01594933333333,0.2613670010722926,15,2026-05-26 14:44:43.540,2026-05-26 14:44:44.480,-0.01,2.917323148625659
817,2026-05-26 14:44:45,19.160699178438982,28.8,67.4,22.18,16.035723571428573,0.3316329228948804,14,2026-05-26 14:44:44.550,2026-05-26 14:44:45.450,0.0,3.124975607010409
818,2026-05-26 14:44:46,19.160699178438982,28.8,67.4,22.18,16.007231333333333,0.24298985419344668,15,2026-05-26 14:44:45.530,2026-05-26 14:44:46.490,-0.01,3.1534678451056486
819,2026-05-26 14:44:47,18.904844144898995,28.8,66.5,21.96,15.979005714285714,0.2649295025158517,14,2026-05-26 14:44:46.550,2026-05-26 14:44:47.480,-0.015,2.9258384306132807
820,2026-05-26 14:44:48,18.990129156078986,28.8,66.8,22.03,15.947755714285714,0.21210411506232815,14,2026-05-26 14:44:47.550,2026-05-26 14:44:48.460,-0.005,3.0423734417932717
821,2026-05-26 14:44:49,18.990129156078986,28.8,66.8,22.03,16.022284615384617,0.25306289984295066,13,2026-05-26 14:44:48.540,2026-05-26 14:44:49.430,0.015,2.9678445406943688
822,2026-05-26 14:44:50,18.904844144898995,28.8,66.5,21.96,15.938656428571429,0.18082795497833953,14,2026-05-26 14:44:49.510,2026-05-26 14:44:50.500,-0.005,2.966187716327566
823,2026-05-26 14:44:51,18.93327248195899,28.8,66.6,21.98,15.866971428571429,0.20066246151022032,14,2026-05-26 14:44:50.570,2026-05-26 14:44:51.480,-0.025,3.066301053387562
824,2026-05-26 14:44:52,18.847987470778993,28.8,66.3,21.91,15.947034,0.1717818302715066,15,2026-05-26 14:44:51.550,2026-05-26 14:44:52.500,-0.025,2.900953470778992
825,2026-05-26 14:44:53,18.904844144898995,28.8,66.5,21.96,16.033727142857142,0.26294855219015933,14,2026-05-26 14:44:52.570,2026-05-26 14:44:53.500,-0.035,2.871117002041853
826,2026-05-26 14:44:54,18.93327248195899,28.8,66.6,21.98,15.988952857142857,0.2390590646497401,14,2026-05-26 14:44:53.570,2026-05-26 14:44:54.450,-0.01,2.944319624816133
827,2026-05-26 14:44:55,18.819559133719,28.8,66.2,21.88,15.940138571428573,0.2553801705107702,14,2026-05-26 14:44:54.510,2026-05-26 14:44:55.440,0.025,2.879420562290427
828,2026-05-26 14:44:56,18.904844144898995,28.8,66.5,21.96,15.94376,0.1805137253586478,15,2026-05-26 14:44:55.510,2026-05-26 14:44:56.470,0.01,2.9610841448989955
829,2026-05-26 14:44:57,19.075414167258984,28.8,67.1,22.1,15.878192857142858,0.23634930783542768,14,2026-05-26 14:44:56.540,2026-05-26 14:44:57.490,-0.015,3.1972213101161255
830,2026-05-26 14:44:58,18.74510049359042,28.7,66.3,21.81,15.916503571428573,0.3542412631701982,14,2026-05-26 14:44:57.570,2026-05-26 14:44:58.470,-0.02,2.8285969221618483
831,2026-05-26 14:44:59,18.847987470778993,28.8,66.3,21.91,15.928282857142857,0.2027278850474798,14,2026-05-26 14:44:58.530,2026-05-26 14:44:59.450,0.01,2.919704613636135
832,2026-05-26 14:45:00,18.886466259002113,28.7,66.8,21.93,15.969267857142857,0.20045195392790885,14,2026-05-26 14:44:59.530,2026-05-26 14:45:00.440,0.015,2.917198401859256
833,2026-05-26 14:45:01,18.819559133719,28.8,66.2,21.88,15.933547857142857,0.20139882480669194,14,2026-05-26 14:45:00.510,2026-05-26 14:45:01.440,0.025,2.886011276576143
834,2026-05-26 14:45:02,18.93327248195899,28.8,66.6,21.98,15.86148357142857,0.2649008777639478,14,2026-05-26 14:45:01.510,2026-05-26 14:45:02.460,0.015,3.0717889105304206
835,2026-05-26 14:45:03,18.93327248195899,28.8,66.6,21.98,15.91651,0.21162314541874488,14,2026-05-26 14:45:02.530,2026-05-26 14:45:03.460,0.005,3.01676248195899
836,2026-05-26 14:45:04,18.847987470778993,28.8,66.3,21.91,15.880742666666666,0.2828956992418296,15,2026-05-26 14:45:03.520,2026-05-26 14:45:04.490,-0.005,2.967244804112326
837,2026-05-26 14:45:05,18.847987470778993,28.8,66.3,21.91,15.91878,0.28894468964997977,14,2026-05-26 14:45:04.560,2026-05-26 14:45:05.490,-0.025,2.9292074707789926
838,2026-05-26 14:45:06,18.904844144898995,28.8,66.5,21.96,15.888252142857143,0.2527042030693218,14,2026-05-26 14:45:05.560,2026-05-26 14:45:06.460,-0.01,3.016592002041852
839,2026-05-26 14:45:07,18.847987470778993,28.8,66.3,21.91,15.907634285714284,0.2144744129875948,14,2026-05-26 14:45:06.530,2026-05-26 14:45:07.490,-0.01,2.9403531850647084
840,2026-05-26 14:45:08,18.734274122539006,28.8,65.9,21.81,16.021227142857143,0.2192120204953882,14,2026-05-26 14:45:07.560,2026-05-26 14:45:08.440,0.0,2.713046979681863
841,2026-05-26 14:45:09,18.762702459599005,28.8,66.0,21.83,15.924075,0.3273870531425835,14,2026-05-26 14:45:08.520,2026-05-26 14:45:09.490,-0.005,2.838627459599005
842,2026-05-26 14:45:10,18.762702459599005,28.8,66.0,21.83,15.925802857142857,0.21148996922671442,14,2026-05-26 14:45:09.550,2026-05-26 14:45:10.480,-0.015,2.836899602456148
843,2026-05-26 14:45:11,18.734274122539006,28.8,65.9,21.81,16.063815714285713,0.3589106752535916,14,2026-05-26 14:45:10.540,2026-05-26 14:45:11.470,-0.005,2.6704584082532925
844,2026-05-26 14:45:12,18.762702459599005,28.8,66.0,21.83,15.94526857142857,0.2591730319499122,14,2026-05-26 14:45:11.540,2026-05-26 14:45:12.460,0.0,2.8174338881704344
845,2026-05-26 14:45:13,18.847987470778993,28.8,66.3,21.91,16.065360714285713,0.29428619213966845,14,2026-05-26 14:45:12.530,2026-05-26 14:45:13.480,-0.005,2.782626756493279
846,2026-05-26 14:45:14,18.819559133719,28.8,66.2,21.88,15.940867142857142,0.23002453275277385,14,2026-05-26 14:45:13.560,2026-05-26 14:45:14.450,-0.005,2.8786919908618582
847,2026-05-26 14:45:15,18.762702459599005,28.8,66.0,21.83,15.936424285714285,0.24866139744684873,14,2026-05-26 14:45:14.510,2026-05-26 14:45:15.440,0.025,2.8262781738847202
848,2026-05-26 14:45:16,18.847987470778993,28.8,66.3,21.91,15.860717999999999,0.268435038302699,15,2026-05-26 14:45:15.510,2026-05-26 14:45:16.480,0.005,2.987269470778994
849,2026-05-26 14:45:17,18.93327248195899,28.8,66.6,21.98,15.7614,0.3137199703802504,14,2026-05-26 14:45:16.550,2026-05-26 14:45:17.470,-0.01,3.1718724819589905
850,2026-05-26 14:45:18,18.93327248195899,28.8,66.6,21.98,15.924555,0.2836209541936069,14,2026-05-26 14:45:17.540,2026-05-26 14:45:18.450,0.005,3.008717481958991
851,2026-05-26 14:45:19,18.819559133719,28.8,66.2,21.88,15.777985000000001,0.2937584578880564,14,2026-05-26 14:45:18.520,2026-05-26 14:45:19.440,0.02,3.041574133718999
852,2026-05-26 14:45:20,18.847987470778993,28.8,66.3,21.91,15.927238571428571,0.2327854757185132,14,2026-05-26 14:45:19.520,2026-05-26 14:45:20.430,0.025,2.9207488993504214
853,2026-05-26 14:45:21,18.677417448419007,28.8,65.7,21.76,15.620344285714285,0.237271306564197,14,2026-05-26 14:45:20.510,2026-05-26 14:45:21.450,0.02,3.0570731627047216
854,2026-05-26 14:45:22,18.762702459599005,28.8,66.0,21.83,15.91564,0.27507100083433006,15,2026-05-26 14:45:21.520,2026-05-26 14:45:22.470,0.005,2.8470624595990053
855,2026-05-26 14:45:23,18.762702459599005,28.8,66.0,21.83,15.833185714285715,0.22856647162138807,14,2026-05-26 14:45:22.550,2026-05-26 14:45:23.480,-0.015,2.9295167453132898
856,2026-05-26 14:45:24,18.50684742605901,28.8,65.1,21.61,15.800587142857141,0.20408539108115262,14,2026-05-26 14:45:23.550,2026-05-26 14:45:24.480,-0.015,2.7062602832018694
857,2026-05-26 14:45:25,18.677417448419007,28.8,65.7,21.76,15.87371,0.20998342897989333,14,2026-05-26 14:45:24.550,2026-05-26 14:45:25.500,-0.025,2.803707448419006
858,2026-05-26 14:45:26,18.904844144898995,28.8,66.5,21.96,15.781205,0.21034505061738623,14,2026-05-26 14:45:25.570,2026-05-26 14:45:26.480,-0.025,3.123639144898995
859,2026-05-26 14:45:27,18.734274122539006,28.8,65.9,21.81,15.721358461538461,0.2697174468416326,13,2026-05-26 14:45:26.550,2026-05-26 14:45:27.450,0.0,3.0129156610005445
860,2026-05-26 14:45:28,18.762702459599005,28.8,66.0,21.83,15.706952666666666,0.21831730794768425,15,2026-05-26 14:45:27.510,2026-05-26 14:45:28.500,-0.005,3.055749792932339
861,2026-05-26 14:45:29,18.677417448419007,28.8,65.7,21.76,15.692216923076924,0.24762889257867984,13,2026-05-26 14:45:28.580,2026-05-26 14:45:29.450,-0.015,2.9852005253420835
862,2026-05-26 14:45:30,18.677417448419007,28.8,65.7,21.76,15.76211,0.23474051668050072,15,2026-05-26 14:45:29.520,2026-05-26 14:45:30.500,-0.01,2.915307448419007
863,2026-05-26 14:45:31,18.677417448419007,28.8,65.7,21.76,15.774823846153847,0.2844414083936696,13,2026-05-26 14:45:30.570,2026-05-26 14:45:31.440,-0.005,2.90259360226516
864,2026-05-26 14:45:32,18.592132437239012,28.8,65.4,21.68,15.766590666666668,0.32936042889356315,15,2026-05-26 14:45:31.520,2026-05-26 14:45:32.470,0.005,2.825541770572345
865,2026-05-26 14:45:33,18.819559133719,28.8,66.2,21.88,15.715832142857142,0.2945924502447558,14,2026-05-26 14:45:32.540,2026-05-26 14:45:33.450,0.005,3.1037269908618583
866,2026-05-26 14:45:34,18.677417448419007,28.8,65.7,21.76,15.716380714285716,0.20716242518165004,14,2026-05-26 14:45:33.520,2026-05-26 14:45:34.460,0.01,2.961036734133291
867,2026-05-26 14:45:35,18.547188422014052,28.7,65.6,21.64,15.722599285714285,0.24440385432137282,14,2026-05-26 14:45:34.530,2026-05-26 14:45:35.470,0.0,2.8245891362997675
868,2026-05-26 14:45:36,18.648989111359008,28.8,65.6,21.73,15.762889333333334,0.19236711712120566,15,2026-05-26 14:45:35.540,2026-05-26 14:45:36.500,-0.02,2.886099778025674
869,2026-05-26 14:45:37,18.677417448419007,28.8,65.7,21.76,15.797084615384616,0.21578599547605054,13,2026-05-26 14:45:36.570,2026-05-26 14:45:37.440,-0.005,2.880332833034391
870,2026-05-26 14:45:38,18.592132437239012,28.8,65.4,21.68,15.800524,0.21624059004464713,15,2026-05-26 14:45:37.510,2026-05-26 14:45:38.490,0.0,2.791608437239013
871,2026-05-26 14:45:39,18.734274122539006,28.8,65.9,21.81,15.612900714285715,0.2534808503907841,14,2026-05-26 14:45:38.560,2026-05-26 14:45:39.490,-0.025,3.121373408253291
872,2026-05-26 14:45:40,18.734274122539006,28.8,65.9,21.81,15.535176428571429,0.2728231721662933,14,2026-05-26 14:45:39.560,2026-05-26 14:45:40.490,-0.025,3.199097693967577
873,2026-05-26 14:45:41,18.50684742605901,28.8,65.1,21.61,15.678066428571428,0.30528955953845976,14,2026-05-26 14:45:40.560,2026-05-26 14:45:41.480,-0.02,2.8287809974875824
874,2026-05-26 14:45:42,18.716827340508086,28.7,66.2,21.79,15.60789,0.21404837964995027,14,2026-05-26 14:45:41.550,2026-05-26 14:45:42.460,-0.005,3.1089373405080867
875,2026-05-26 14:45:43,18.563704100179013,28.8,65.3,21.66,15.62639,0.28363859672803066,14,2026-05-26 14:45:42.540,2026-05-26 14:45:43.480,-0.01,2.9373141001790124
876,2026-05-26 14:45:44,18.592132437239012,28.8,65.4,21.68,15.726816428571428,0.1772898455423143,14,2026-05-26 14:45:43.550,2026-05-26 14:45:44.460,-0.005,2.865316008667584
877,2026-05-26 14:45:45,18.592132437239012,28.8,65.4,21.68,15.612272857142857,0.19914676163104394,14,2026-05-26 14:45:44.540,2026-05-26 14:45:45.500,-0.02,2.9798595800961554
878,2026-05-26 14:45:46,18.547188422014052,28.7,65.6,21.64,15.504936428571428,0.3054143380495808,14,2026-05-26 14:45:45.570,2026-05-26 14:45:46.460,-0.015,3.0422519934426244
879,2026-05-26 14:45:47,18.648989111359008,28.8,65.6,21.73,15.621812857142857,0.2116045086559279,14,2026-05-26 14:45:46.530,2026-05-26 14:45:47.460,0.005,3.027176254216151
880,2026-05-26 14:45:48,18.50684742605901,28.8,65.1,21.61,15.604842,0.28201728597476344,15,2026-05-26 14:45:47.530,2026-05-26 14:45:48.490,-0.01,2.902005426059011
881,2026-05-26 14:45:49,18.42156241487902,28.8,64.8,21.53,15.648056153846154,0.1775881311038956,13,2026-05-26 14:45:48.550,2026-05-26 14:45:49.440,0.005,2.773506261032866
882,2026-05-26 14:45:50,18.47841908899902,28.8,65.0,21.58,15.577656153846155,0.27735756787759447,13,2026-05-26 14:45:49.530,2026-05-26 14:45:50.460,0.005,2.900762935152864
883,2026-05-26 14:45:51,18.547188422014052,28.7,65.6,21.64,15.641005000000002,0.14981289365020015,14,2026-05-26 14:45:50.520,2026-05-26 14:45:51.460,0.01,2.9061834220140508
884,2026-05-26 14:45:52,18.563704100179013,28.8,65.3,21.66,15.586708571428572,0.19584331197147387,14,2026-05-26 14:45:51.530,2026-05-26 14:45:52.450,0.01,2.9769955287504413
885,2026-05-26 14:45:53,18.46236896276704,28.7,65.3,21.56,15.547385714285713,0.28658613624513,14,2026-05-26 14:45:52.520,2026-05-26 14:45:53.470,0.005,2.9149832484813274
886,2026-05-26 14:45:54,18.49064211584938,28.7,65.4,21.59,15.564014285714284,0.24855782901537274,14,2026-05-26 14:45:53.550,2026-05-26 14:45:54.430,0.01,2.9266278301350948
887,2026-05-26 14:45:55,18.547188422014052,28.7,65.6,21.64,15.460890714285714,0.3342054804933016,14,2026-05-26 14:45:54.510,2026-05-26 14:45:55.470,0.01,3.0862977077283382
888,2026-05-26 14:45:56,18.575461575096394,28.7,65.7,21.66,15.496722142857143,0.22070085675406464,14,2026-05-26 14:45:55.540,2026-05-26 14:45:56.450,0.005,3.078739432239251
889,2026-05-26 14:45:57,18.377549503520022,28.7,65.0,21.49,15.551814285714286,0.23287368595654812,14,2026-05-26 14:45:56.520,2026-05-26 14:45:57.480,0.0,2.825735217805736
890,2026-05-26 14:45:58,18.40582265660236,28.7,65.1,21.51,15.475997857142858,0.23900539598603104,14,2026-05-26 14:45:57.560,2026-05-26 14:45:58.490,-0.025,2.929824799459503
891,2026-05-26 14:45:59,18.46236896276704,28.7,65.3,21.56,15.425355,0.2329707369127986,14,2026-05-26 14:45:58.560,2026-05-26 14:45:59.500,-0.03,3.037013962767041
892,2026-05-26 14:46:00,18.40582265660236,28.7,65.1,21.51,15.483690714285714,0.2184759417652657,14,2026-05-26 14:45:59.580,2026-05-26 14:46:00.490,-0.035,2.9221319423166463
893,2026-05-26 14:46:01,18.46236896276704,28.7,65.3,21.56,15.401084285714287,0.2685018423289977,14,2026-05-26 14:46:00.560,2026-05-26 14:46:01.490,-0.025,3.061284677052754
894,2026-05-26 14:46:02,18.547188422014052,28.7,65.6,21.64,15.45062357142857,0.11540103823070777,14,2026-05-26 14:46:01.570,2026-05-26 14:46:02.450,-0.01,3.096564850585482
895,2026-05-26 14:46:03,18.547188422014052,28.7,65.6,21.64,15.340832857142857,0.2240904813626911,14,2026-05-26 14:46:02.520,2026-05-26 14:46:03.490,-0.005,3.2063555648711954
896,2026-05-26 14:46:04,18.321003197355346,28.7,64.8,21.44,15.575283333333333,0.3196750810185901,12,2026-05-26 14:46:03.570,2026-05-26 14:46:04.450,-0.01,2.7457198640220124
897,2026-05-26 14:46:05,18.40582265660236,28.7,65.1,21.51,15.383069285714285,0.1377780798946282,14,2026-05-26 14:46:04.520,2026-05-26 14:46:05.500,-0.01,3.0227533708880756
898,2026-05-26 14:46:06,18.547188422014052,28.7,65.6,21.64,15.515918461538462,0.2916266899892776,13,2026-05-26 14:46:05.570,2026-05-26 14:46:06.450,-0.01,3.0312699604755906
